ticker,calendarDate,accumulatedOtherComprehensiveIncome,assets,assetsCurrent,assetsNonCurrent,bookValuePerShare,capitalExpenditure,cashAndEquivalents,cashAndEquivalentsUSD,costOfRevenue,consolidatedIncome,currentRatio,debtToEquityRatio,debt,debtCurrent,debtNonCurrent,debtUSD,deferredRevenue,depreciationAmortizationAndAccretion,deposits,dividendYield,dividendsPerBasicCommonShare,earningBeforeInterestTaxes,earningsBeforeInterestTaxesDepreciationAmortization,EBITDAMargin,earningsBeforeInterestTaxesDepreciationAmortizationUSD,earningBeforeInterestTaxesUSD,earningsBeforeTax,earningsPerBasicShare,earningsPerDilutedShare,earningsPerBasicShareUSD,shareholdersEquity,shareholdersEquityUSD,enterpriseValue,enterpriseValueOverEBIT,enterpriseValueOverEBITDA,freeCashFlow,freeCashFlowPerShare,foreignCurrencyUSDExchangeRate,grossProfit,grossMargin,goodwillAndIntangibleAssets,interestExpense,investedCapital,inventory,investments,investmentsCurrent,investmentsNonCurrent,totalLiabilities,currentLiabilities,liabilitiesNonCurrent,marketCapitalization,netCashFlow,netCashFlowBusinessAcquisitionsDisposals,issuanceEquityShares,issuanceDebtSecurities,paymentDividendsOtherCashDistributions,netCashFlowFromFinancing,netCashFlowFromInvesting,netCashFlowInvestmentAcquisitionsDisposals,netCashFlowFromOperations,effectOfExchangeRateChangesOnCash,netIncome,netIncomeCommonStock,netIncomeCommonStockUSD,netLossIncomeFromDiscontinuedOperations,netIncomeToNonControllingInterests,profitMargin,operatingExpenses,operatingIncome,tradeAndNonTradePayables,payoutRatio,priceToBookValue,priceEarnings,priceToEarningsRatio,propertyPlantEquipmentNet,preferredDividendsIncomeStatementImpact,sharePriceAdjustedClose,priceSales,priceToSalesRatio,tradeAndNonTradeReceivables,accumulatedRetainedEarningsDeficit,revenues,revenuesUSD,researchAndDevelopmentExpense,shareBasedCompensation,sellingGeneralAndAdministrativeExpense,shareFactor,shares,weightedAverageShares,weightedAverageSharesDiluted,salesPerShare,tangibleAssetValue,taxAssets,incomeTaxExpense,taxLiabilities,tangibleAssetsBookValuePerShare,workingCapital,change_leverage,change_curr_ratio,change_shares,change_gross_margin,price_change
A,2019-09-30,-514000000,9452000000,3189000000,6263000000,15.416,-30000000,1382000000,1382000000,630000000,194000000,1.533,0.991,2407000000,616000000,1791000000,2407000000,336000000,76000000,0,0.008,0.164,252000000,328000000,0.24,328000000,252000000,231000000,0.63,0.63,0.63,4748000000,4748000000,27238600402,27,22.127,284000000,0.922,1,737000000,0.539,4700000000,21000000,3697000000,679000000,102000000,0,102000000,4704000000,2080000000,2624000000,26213600402,-383000000,-1160000000,-47000000,596000000,-51000000,497000000,-1193000000,-3000000,314000000,-1000000,194000000,194000000,194000000,0,0,0.142,487000000,250000000,354000000,0.26,5.521,24.476,24.783,850000000,0,84.51,5.077,5.14,930000000,-18000000,1367000000,1367000000,102000000,15000000,385000000,1,310183415,308000000,312000000,4.438,4752000000,0,37000000,0,15.429,1109000000,609000000,-0.5979999999999999,715737,-0.0040000000000000036,-0.030055614720151533
A,2019-06-30,-404000000,8625000000,3457000000,5168000000,15.215,-47000000,1765000000,1765000000,582000000,191000000,2.131,0.817,1798000000,504000000,1294000000,1798000000,344000000,55000000,0,0.009,0.164,240000000,295000000,0.232,295000000,240000000,222000000,0.61,0.6,0.61,4747000000,4747000000,22039246583,22,18.05,195000000,0.625,1,692000000,0.543,3618000000,18000000,3418000000,660000000,99000000,0,99000000,3878000000,1622000000,2256000000,22006246583,-390000000,0,-530000000,0,-51000000,-582000000,-51000000,-3000000,242000000,1000000,191000000,191000000,191000000,0,0,0.15,467000000,225000000,316000000,0.269,4.636,20.528,21.164,839000000,0,71.11,4.323,4.359,856000000,-122000000,1274000000,1274000000,101000000,17000000,366000000,1,309467678,312000000,316000000,4.083,5007000000,0,31000000,0,16.048,1835000000,0,-1.2790000000000004,-6525674,0.0030000000000000027,0.18844044438194354
A,2019-03-31,-398000000,9022000000,3812000000,5210000000,16.167,-39000000,2155000000,2155000000,569000000,182000000,3.41,0.76,1798000000,0,1798000000,1798000000,347000000,53000000,0,0.009,0.164,235000000,288000000,0.233,288000000,235000000,218000000,0.57,0.57,0.57,5125000000,5125000000,20779795315,20,16.771,213000000,0.672,1,669000000,0.54,3650000000,17000000,3897000000,657000000,96000000,0,96000000,3897000000,1118000000,2779000000,21136795315,97000000,0,-39000000,0,-52000000,-92000000,-56000000,-17000000,252000000,-7000000,182000000,182000000,182000000,0,0,0.147,453000000,216000000,314000000,0.288,4.124,18.923,19.166,827000000,0,66.89,4.211,4.225,819000000,178000000,1238000000,1238000000,99000000,16000000,354000000,1,315993352,317000000,321000000,3.905,5372000000,0,36000000,0,16.946,2694000000,0,0.020000000000000018,-1522517,-0.01100000000000001,0.06308865301240842
A,2018-12-31,-381000000,8952000000,3712000000,5240000000,15.836,-39000000,2057000000,2057000000,577000000,504000000,3.39,0.778,1798000000,0,1798000000,1798000000,346000000,54000000,0,0.008,0.164,266000000,320000000,0.249,320000000,266000000,248000000,1.58,1.57,1.58,5036000000,5036000000,25059715394,24,20.096,174000000,0.547,1,707000000,0.551,3699000000,18000000,3899000000,653000000,77000000,0,77000000,3916000000,1095000000,2821000000,25318715394,-190000000,-248000000,-53000000,0,-52000000,-122000000,-290000000,-3000000,213000000,9000000,504000000,504000000,504000000,0,0,0.393,457000000,250000000,315000000,0.104,5.028,22.209,22.399,829000000,0,79.74,5.077,5.085,833000000,90000000,1284000000,1284000000,102000000,24000000,355000000,1,317515869,318000000,322000000,4.038,5253000000,0,-256000000,0,16.519,2617000000,-1000000,0.10400000000000009,-1017185,0.0030000000000000027,-0.1611487333834963
A,2018-09-30,-408000000,8541000000,3848000000,4693000000,14.362,-35000000,2247000000,2247000000,585000000,195000000,3.286,0.869,1799000000,0,1799000000,1799000000,324000000,56000000,0,0.009,0.149,262000000,318000000,0.246,318000000,262000000,244000000,0.6,0.6,0.6,4567000000,4567000000,20317169790,20,16.505,337000000,1.06,1,709000000,0.548,3464000000,18000000,3458000000,638000000,68000000,0,68000000,3970000000,1171000000,2799000000,20765169790,-432000000,-79000000,-83000000,0,-47000000,-131000000,-114000000,1000000,372000000,-11000000,195000000,195000000,195000000,0,0,0.151,460000000,249000000,340000000,0.248,4.547,65.713,66.52,822000000,0,65.19,4.226,4.258,776000000,-336000000,1294000000,1294000000,104000000,14000000,356000000,1,318533054,318000000,322000000,4.069,5077000000,0,49000000,0,15.965,2677000000,0,-0.33000000000000007,-236493,-0.0010000000000000009,0.22319374137137593
A,2018-06-30,-335000000,8349000000,3667000000,4682000000,14.262,-33000000,2131000000,2131000000,542000000,236000000,3.616,0.828,1799000000,0,1799000000,1799000000,328000000,53000000,0,0.009,0.149,260000000,313000000,0.26,313000000,260000000,242000000,0.74,0.73,0.74,4564000000,4564000000,21108439731,21,17.431,164000000,0.512,1,661000000,0.549,3448000000,18000000,3555000000,623000000,70000000,0,70000000,3781000000,1014000000,2767000000,21440439731,0,-430000000,-226000000,-315000000,-48000000,-589000000,-473000000,-10000000,197000000,-15000000,236000000,236000000,236000000,0,0,0.196,436000000,225000000,273000000,0.201,4.698,71.948,71.553,801000000,0,67.26,4.458,4.476,733000000,-416000000,1203000000,1203000000,97000000,13000000,339000000,1,318769547,320000000,324000000,3.759,4901000000,0,6000000,0,15.316,2653000000,-316000000,0.30100000000000016,-1182579,0.015000000000000013,-0.03077609277430876
A,2018-03-31,-310000000,8784000000,4525000000,4259000000,14.326,-48000000,3011000000,3011000000,562000000,205000000,3.315,0.903,2115000000,315000000,1800000000,2115000000,333000000,50000000,0,0.009,0.149,246000000,296000000,0.245,296000000,246000000,227000000,0.64,0.63,0.64,4613000000,4613000000,18915435642,20,16.292,255000000,0.792,1,644000000,0.534,2932000000,19000000,3591000000,594000000,139000000,0,139000000,4167000000,1365000000,2802000000,19811435642,-208000000,-1000000,-35000000,-30000000,-48000000,-114000000,-50000000,-2000000,303000000,-15000000,205000000,205000000,205000000,0,0,0.17,429000000,215000000,271000000,0.233,4.295,83.593,82.56,798000000,0,61.92,4.197,4.224,754000000,-412000000,1206000000,1206000000,91000000,12000000,338000000,1,319952126,322000000,326000000,3.745,5852000000,0,22000000,0,18.174,3160000000,-30000000,0.08400000000000007,-2524453,-0.02200000000000002,0.08624031007751944
A,2017-12-31,-269000000,8698000000,4397000000,4301000000,14.0,-60000000,2887000000,2887000000,538000000,-320000000,3.231,0.923,2145000000,345000000,1800000000,2145000000,321000000,51000000,0,0.008,0.149,253000000,304000000,0.251,304000000,253000000,233000000,-0.99,-0.99,-0.99,4522000000,4522000000,21221879796,23,18.78,155000000,0.48,1,673000000,0.556,2974000000,20000000,3621000000,608000000,140000000,0,140000000,4172000000,1361000000,2811000000,21963879796,209000000,-6000000,-22000000,135000000,-48000000,37000000,-67000000,-1000000,215000000,24000000,-320000000,-320000000,-320000000,0,0,-0.264,434000000,239000000,292000000,-0.151,4.857,112.061,109.855,792000000,0,68.11,4.758,4.766,751000000,-529000000,1211000000,1211000000,93000000,31000000,341000000,1,322476579,323000000,323000000,3.749,5724000000,0,553000000,0,17.721,3036000000,134000000,-0.07000000000000028,-541448,0.01200000000000001,-0.09088239612391716
A,2017-09-30,-346000000,8426000000,4169000000,4257000000,15.003,-58000000,2678000000,2678000000,542000000,177000000,3.301,0.743,2011000000,210000000,1801000000,2011000000,291000000,52000000,0,0.008,0.132,246000000,298000000,0.251,298000000,246000000,226000000,0.55,0.54,0.55,4831000000,4831000000,21143177183,24,19.326,230000000,0.714,1,647000000,0.544,2968000000,20000000,3528000000,575000000,138000000,0,138000000,3591000000,1263000000,2328000000,21810177183,389000000,0,8000000,-70000000,-43000000,-106000000,-60000000,-2000000,288000000,-7000000,177000000,177000000,177000000,0,0,0.149,414000000,233000000,305000000,0.24,4.515,31.886,31.849,757000000,0,67.52,4.877,4.862,724000000,-126000000,1189000000,1189000000,89000000,12000000,325000000,1,323018027,322000000,329000000,3.693,5458000000,0,49000000,0,16.95,2906000000,-70000000,0.08099999999999996,1190024,0.009000000000000008,0.008738151658767823
A,2017-06-30,-417000000,8261000000,3996000000,4265000000,14.355,-43000000,2563000000,2563000000,518000000,175000000,3.22,0.792,2081000000,280000000,1801000000,2081000000,301000000,51000000,0,0.008,0.132,212000000,263000000,0.236,263000000,212000000,193000000,0.55,0.54,0.55,4608000000,4608000000,20343490074,25,19.906,185000000,0.576,1,596000000,0.535,2987000000,19000000,3551000000,566000000,137000000,0,137000000,3650000000,1241000000,2409000000,20825490074,0,-57000000,32000000,39000000,-42000000,29000000,-101000000,-1000000,228000000,18000000,175000000,175000000,175000000,0,0,0.157,395000000,201000000,289000000,0.24,4.519,32.9,32.848,716000000,0,64.71,4.74,4.727,678000000,-260000000,1114000000,1114000000,87000000,13000000,308000000,1,321828003,321000000,326000000,3.47,5274000000,0,18000000,0,16.43,2755000000,38000000,0.019000000000000128,490560,-0.0020000000000000018,0.043424509349405074
A,2017-03-31,-477000000,8016000000,3800000000,4216000000,13.62,-43000000,2389000000,2389000000,510000000,164000000,3.201,0.833,2043000000,241000000,1802000000,2043000000,301000000,54000000,0,0.008,0.132,211000000,265000000,0.24,265000000,211000000,191000000,0.51,0.5,0.51,4372000000,4372000000,18966380324,25,19.553,214000000,0.667,1,592000000,0.537,2941000000,20000000,3542000000,548000000,134000000,0,134000000,3641000000,1187000000,2454000000,19312380324,0,0,-75000000,52000000,-43000000,-67000000,-43000000,0,257000000,1000000,164000000,164000000,164000000,0,0,0.149,391000000,201000000,265000000,0.259,4.417,33.183,33.389,675000000,0,60.1,4.466,4.462,677000000,-393000000,1102000000,1102000000,84000000,15000000,307000000,1,321337443,321000000,325000000,3.433,5075000000,0,27000000,0,15.81,2613000000,51000000,-0.137,-963462,-0.0010000000000000009,0.07670549084858556
A,2016-12-31,-489000000,7872000000,3635000000,4237000000,13.345,-32000000,2241000000,2241000000,493000000,168000000,3.338,0.831,1992000000,190000000,1802000000,1992000000,299000000,55000000,0,0.009,0.132,213000000,268000000,0.251,268000000,213000000,193000000,0.52,0.52,0.52,4297000000,4297000000,16320489526,24,18.054,84000000,0.261,1,574000000,0.538,2974000000,20000000,3560000000,551000000,133000000,0,133000000,3572000000,1089000000,2483000000,16569489526,0,-69000000,-93000000,89000000,-42000000,-58000000,-101000000,0,116000000,-5000000,168000000,168000000,168000000,0,0,0.157,368000000,206000000,268000000,0.254,3.856,32.553,32.745,653000000,0,51.41,3.907,3.903,653000000,-453000000,1067000000,1067000000,79000000,20000000,289000000,1,322300905,322000000,326000000,3.314,4898000000,0,25000000,0,15.211,2546000000,80000000,-0.5089999999999999,553024,0.009000000000000008,0.16903326201128197
A,2016-09-30,-503000000,7802000000,3635000000,4167000000,13.015,-52000000,2289000000,2289000000,523000000,126000000,3.847,0.838,1912000000,0,1912000000,1912000000,269000000,56000000,0,0.01,0.115,170000000,226000000,0.203,226000000,170000000,151000000,0.39,0.38,0.39,4243000000,4243000000,14490969581,24,16.811,182000000,0.558,1,588000000,0.529,2925000000,19000000,3555000000,533000000,135000000,0,135000000,3556000000,945000000,2611000000,14867969581,41000000,-26000000,-43000000,25000000,-38000000,-56000000,-78000000,245000000,234000000,-10000000,126000000,126000000,126000000,0,0,0.113,405000000,183000000,257000000,0.295,3.504,32.182,32.542,639000000,0,46.21,3.538,3.585,631000000,6089000000,1111000000,1111000000,84000000,11000000,321000000,1,321747881,326000000,329000000,3.408,4877000000,0,25000000,0,14.96,2690000000,25000000,0.7799999999999998,-2636874,0.010000000000000009,0.11252975546418514
A,2016-06-30,-345000000,7734000000,3530000000,4204000000,13.363,-24000000,2199000000,2199000000,502000000,124000000,3.067,0.78,1887000000,235000000,1652000000,1887000000,279000000,60000000,0,0.009,0.115,151000000,211000000,0.202,211000000,151000000,134000000,0.38,0.38,0.38,4343000000,4343000000,14969765808,25,17.508,175000000,0.538,1,542000000,0.519,2967000000,17000000,3304000000,543000000,155000000,0,155000000,3388000000,1151000000,2237000000,15281765808,0,0,-67000000,0,-37000000,-110000000,-24000000,0,199000000,-5000000,124000000,124000000,124000000,0,0,0.119,396000000,146000000,261000000,0.303,3.519,31.771,32.267,623000000,0,47.11,3.704,3.711,590000000,6000000000,1044000000,1044000000,86000000,11000000,310000000,1,324384755,325000000,328000000,3.212,4767000000,0,10000000,0,14.668,2379000000,-2000000,-0.01200000000000001,-1136945,-0.0010000000000000009,-0.01910422415623007
A,2016-03-31,-299000000,7640000000,3488000000,4152000000,12.767,-25000000,2139000000,2139000000,489000000,91000000,3.079,0.835,1889000000,235000000,1654000000,1889000000,279000000,64000000,0,0.009,0.115,135000000,199000000,0.195,199000000,135000000,117000000,0.28,0.28,0.28,4162000000,4162000000,14642617775,25,17.247,231000000,0.709,1,530000000,0.52,3046000000,18000000,3211000000,555000000,157000000,0,157000000,3475000000,1133000000,2342000000,14892617775,0,0,-86000000,155000000,-37000000,30000000,-108000000,-83000000,256000000,30000000,91000000,91000000,91000000,0,0,0.089,399000000,131000000,220000000,0.411,3.578,32.375,32.914,610000000,0,45.75,3.636,3.641,602000000,5720000000,1019000000,1019000000,81000000,15000000,318000000,1,325521700,326000000,328000000,3.126,4594000000,0,26000000,0,14.092,2355000000,156000000,-0.5099999999999998,-2248381,-0.0020000000000000018,0.02972677595628414
A,2015-12-31,-438000000,7302000000,3399000000,3903000000,12.295,-38000000,1931000000,1931000000,491000000,123000000,3.589,0.804,1733000000,80000000,1653000000,1733000000,277000000,66000000,0,0.011,0.115,160000000,226000000,0.22,226000000,160000000,142000000,0.37,0.37,0.37,4045000000,4045000000,12286762385,22,14.966,66000000,0.201,1,537000000,0.522,2991000000,18000000,3166000000,554000000,76000000,0,76000000,3254000000,947000000,2307000000,12484762385,245000000,-235000000,-176000000,80000000,-38000000,-132000000,-28000000,0,104000000,-16000000,123000000,123000000,123000000,0,0,0.12,382000000,155000000,250000000,0.311,3.086,27.621,28.007,594000000,0,38.09,3.09,3.102,617000000,5666000000,1028000000,1028000000,78000000,21000000,304000000,1,327770081,329000000,332000000,3.125,4311000000,0,19000000,0,13.103,2452000000,78000000,-0.18800000000000017,-4400809,0.0050000000000000044,0.2011026516145969
A,2015-09-30,-391000000,7479000000,3686000000,3793000000,12.627,-26000000,2245000000,2245000000,500000000,143000000,3.777,0.794,1655000000,0,1655000000,1655000000,258000000,60000000,0,0.01,0.1,159000000,219000000,0.212,219000000,159000000,143000000,0.43,0.43,0.43,4167000000,4167000000,12972537439,25,17.024,211000000,0.639,1,535000000,0.517,2811000000,16000000,3102000000,541000000,86000000,0,86000000,3309000000,976000000,2333000000,13562537439,-1026000000,-8000000,1000000,0,-33000000,-29000000,-275000000,-240000000,237000000,-5000000,143000000,143000000,143000000,0,0,0.138,379000000,156000000,279000000,0.233,3.255,33.822,34.025,604000000,0,40.83,3.359,3.367,606000000,5581000000,1035000000,1035000000,82000000,8000000,297000000,1,332170890,330000000,332000000,3.136,4668000000,0,0,0,14.145,2710000000,0,-0.2999999999999998,767659,0.01100000000000001,-0.0671075189811412
A,2015-06-30,-332000000,7251000000,3478000000,3773000000,12.358,-19000000,2075000000,2075000000,501000000,103000000,4.077,0.767,1655000000,0,1655000000,1655000000,265000000,62000000,0,0.453,0.1,143000000,205000000,0.202,205000000,143000000,126000000,0.31,0.31,0.31,4103000000,4103000000,11354756797,25,15.2,72000000,0.217,1,513000000,0.506,2850000000,17000000,3128000000,545000000,88000000,0,88000000,3145000000,853000000,2292000000,11774756797,0,-66000000,-82000000,0,-33000000,-110000000,-87000000,-2000000,91000000,-16000000,103000000,103000000,103000000,2000000,0,0.102,369000000,144000000,248000000,0.323,2.87,41.903,42.298,587000000,0,35.53,2.449,2.453,584000000,5474000000,1014000000,1014000000,79000000,5000000,290000000,1,331403231,332000000,334000000,3.054,4401000000,0,23000000,0,13.256,2625000000,-1000000,0.18500000000000005,-1788520,0.008000000000000007,0.14916971573318313
A,2015-03-31,-270000000,7412000000,3620000000,3792000000,12.449,-9000000,2197000000,2197000000,483000000,83000000,3.892,0.782,1656000000,0,1656000000,1656000000,271000000,63000000,0,0.4,0.1,108000000,171000000,0.178,171000000,108000000,91000000,0.25,0.25,0.25,4158000000,4158000000,12889959483,24,15.129,174000000,0.521,1,480000000,0.498,2857000000,17000000,3084000000,556000000,91000000,0,91000000,3251000000,930000000,2321000000,13430959483,0,2000000,-130000000,0,-33000000,-101000000,-7000000,0,183000000,4000000,83000000,83000000,83000000,5000000,0,0.086,373000000,107000000,261000000,0.4,3.23,41.326,41.557,593000000,0,40.31,2.416,2.421,576000000,5397000000,963000000,963000000,81000000,11000000,292000000,1,333191751,334000000,337000000,2.883,4555000000,0,8000000,0,13.638,2690000000,-2000000,-0.04600000000000026,-2618546,-0.0020000000000000018,-0.11858099727114862
A,2014-12-31,-261000000,7519000000,3654000000,3865000000,12.61,-32000000,2118000000,2118000000,513000000,72000000,3.938,0.774,1658000000,0,1658000000,1658000000,278000000,68000000,0,0.398,0.1,99000000,167000000,0.163,167000000,99000000,83000000,0.21,0.21,0.21,4237000000,4237000000,13183972367,21,13.264,-52000000,-0.155,1,513000000,0.5,2911000000,16000000,3220000000,560000000,90000000,0,90000000,3279000000,928000000,2351000000,13643972367,1000000,0,2000000,0,-34000000,-828000000,-31000000,0,-20000000,-31000000,72000000,72000000,72000000,30000000,0,0.07,398000000,115000000,257000000,0.476,3.22,35.811,35.64,610000000,0,40.63,2.156,2.157,615000000,5348000000,1026000000,1026000000,88000000,22000000,310000000,1,335810297,336000000,338000000,3.054,4608000000,0,11000000,0,13.714,2726000000,-1104000000,0.7070000000000003,488495,0.0030000000000000027,-0.00787595372877185
AA,2019-12-31,-4974000000,14631000000,3530000000,11101000000,22.118,-134000000,879000000,879000000,2048000000,-355000000,1.377,2.127,1800000000,1000000,1799000000,1800000000,0,183000000,0,0.0,0.0,-218000000,-35000000,-0.014,-35000000,-218000000,-249000000,-1.64,-1.64,-1.64,4112000000,4112000000,3914235396,-7,31.566,128000000,0.688,1,388000000,0.159,0,31000000,12989000000,1644000000,1113000000,0,1113000000,8745000000,2563000000,6182000000,2993235396,39000000,23000000,0,-7000000,0,-93000000,-134000000,0,262000000,4000000,-303000000,-303000000,-303000000,0,-52000000,-0.124,496000000,-108000000,1484000000,0.0,0.728,-2.661,-2.652,7916000000,0,16.1,0.287,0.287,660000000,-555000000,2436000000,2436000000,6000000,1000000,62000000,1,185915242,185915242,,13.103,14631000000,642000000,54000000,380000000,78.697,967000000,-6000000,-0.10699999999999998,342325,-0.014999999999999986,-0.46149068322981374
AA,2019-09-30,-4849000000,14670000000,3643000000,11027000000,24.459,-87000000,841000000,841000000,2120000000,-147000000,1.484,1.82,1806000000,1000000,1805000000,1806000000,0,184000000,0,0.0,0.0,-96000000,88000000,0.034,88000000,-96000000,-126000000,-1.19,-1.19,-1.19,4539000000,4539000000,4823060944,-34,8.552,87000000,0.469,1,447000000,0.174,0,30000000,13180000000,1649000000,1114000000,0,1114000000,8260000000,2455000000,5805000000,3858060944,7000000,0,1000000,0,0,-81000000,-76000000,-1000000,174000000,-10000000,-221000000,-221000000,-221000000,0,74000000,-0.086,469000000,-22000000,1418000000,0.0,0.85,-4.953,-4.95,7929000000,0,20.79,0.34,0.34,824000000,-252000000,2567000000,2567000000,7000000,8000000,66000000,1,185572917,185572917,,13.833,14670000000,560000000,95000000,380000000,79.052,1188000000,1000000,-0.02400000000000002,15574,-0.019000000000000017,-0.22558922558922548
AA,2019-06-30,-4705000000,15349000000,3818000000,11531000000,26.38,-89000000,834000000,834000000,2189000000,-293000000,1.508,1.734,1805000000,1000000,1804000000,1805000000,0,174000000,0,0.0,0.0,-256000000,-82000000,-0.03,-82000000,-256000000,-286000000,-2.17,-2.17,-2.17,4895000000,4895000000,5144184644,26,5.773,-7000000,-0.038,1,522000000,0.193,0,30000000,13789000000,1767000000,1141000000,0,1141000000,8490000000,2531000000,5959000000,4173184644,-183000000,0,0,0,0,-71000000,-199000000,-110000000,82000000,5000000,-402000000,-402000000,-402000000,0,109000000,-0.148,669000000,-147000000,1523000000,0.0,0.853,-6.967,-6.963,8273000000,0,22.49,0.343,0.343,887000000,-31000000,2711000000,2711000000,7000000,11000000,68000000,1,185557343,185557343,,14.61,15349000000,599000000,116000000,420000000,82.718,1287000000,2000000,0.040000000000000036,22639,-0.0050000000000000044,-0.07558915073365938
AA,2019-03-31,-4834000000,15956000000,4114000000,11842000000,27.795,-69000000,1017000000,1017000000,2180000000,-58000000,1.468,1.721,1803000000,1000000,1802000000,1803000000,0,172000000,0,0.0,0.0,-19000000,153000000,0.056,153000000,-19000000,-49000000,-1.07,-1.07,-1.07,5157000000,5157000000,5389116006,7,3.709,99000000,0.534,1,539000000,0.198,0,30000000,13939000000,1799000000,1362000000,0,1362000000,8873000000,2803000000,6070000000,4603116006,-96000000,0,1000000,0,0,-199000000,-59000000,-1000000,168000000,-6000000,-199000000,-199000000,-199000000,0,141000000,-0.073,417000000,122000000,1503000000,0.0,0.893,-37.73,-37.591,8328000000,0,24.81,0.353,0.353,942000000,371000000,2719000000,2719000000,7000000,10000000,84000000,1,185534704,185534704,,14.655,15956000000,604000000,150000000,695000000,86.0,1311000000,1000000,0.052000000000000046,36280,-0.043999999999999984,-0.09351068117694479
AA,2018-12-31,-4565000000,15938000000,4134000000,11804000000,29.051,-148000000,1113000000,1113000000,2534000000,212000000,1.416,1.585,1802000000,1000000,1801000000,1802000000,0,174000000,0,0.0,0.0,231000000,405000000,0.121,405000000,231000000,200000000,0.23,0.23,0.23,5389000000,5389000000,6411626380,6,3.546,387000000,2.086,1,810000000,0.242,0,31000000,13708000000,1644000000,1360000000,0,1360000000,8544000000,2919000000,5625000000,5722626380,90000000,1000000,-50000000,-23000000,0,-294000000,-148000000,-1000000,535000000,-3000000,43000000,43000000,43000000,0,169000000,0.013,410000000,400000000,1663000000,0.0,1.062,25.21,25.287,8327000000,0,30.85,0.427,0.427,1003000000,341000000,3344000000,3344000000,7000000,6000000,59000000,1,185498424,185498424,,18.027,15938000000,560000000,157000000,727000000,85.92,1215000000,-22000000,0.020000000000000018,-995625,-0.01100000000000001,-0.1957860615883307
AA,2018-09-30,-4740000000,16185000000,4193000000,11992000000,27.969,-82000000,1022000000,1022000000,2534000000,155000000,1.396,1.706,1824000000,4000000,1820000000,1824000000,0,172000000,0,0.0,0.0,243000000,415000000,0.122,415000000,243000000,210000000,-0.22,-0.22,-0.22,5216000000,5216000000,7689225230,8,4.539,206000000,1.105,1,856000000,0.253,0,33000000,13983000000,1666000000,1381000000,0,1381000000,8900000000,3004000000,5896000000,6887225230,-69000000,0,1000000,-98000000,0,-280000000,-83000000,-1000000,288000000,6000000,-41000000,-41000000,-41000000,0,196000000,-0.012,417000000,439000000,1711000000,0.0,1.32,-573.935,-527.571,8355000000,0,36.93,0.52,0.52,1193000000,298000000,3390000000,3390000000,7000000,9000000,58000000,1,186494049,186494049,,18.178,16185000000,599000000,251000000,714000000,86.786,1189000000,-105000000,-0.025000000000000133,21009,-0.01200000000000001,-0.16463579745464388
AA,2018-06-30,-4967000000,16518000000,4281000000,12237000000,26.942,-95000000,1089000000,1089000000,2632000000,230000000,1.421,1.873,1929000000,13000000,1916000000,1929000000,0,193000000,0,0.0,0.0,287000000,480000000,0.134,480000000,287000000,255000000,0.4,0.39,0.4,5024000000,5024000000,8761374739,9,5.059,-525000000,-2.815,1,947000000,0.265,0,32000000,14345000000,1668000000,1390000000,0,1390000000,9410000000,3013000000,6397000000,7921374739,-108000000,0,7000000,489000000,0,433000000,-100000000,-5000000,-430000000,-11000000,75000000,75000000,75000000,0,155000000,0.021,505000000,442000000,1752000000,0.0,1.577,55.784,55.895,8556000000,0,42.48,0.619,0.619,1195000000,339000000,3579000000,3579000000,9000000,10000000,64000000,1,186473040,186473040,,19.193,16518000000,612000000,180000000,579000000,88.581,1268000000,469000000,0.027000000000000135,17197,0.036000000000000004,-0.13064971751412424
AA,2018-03-31,-4530000000,17096000000,4149000000,12947000000,28.79,-74000000,1196000000,1196000000,2381000000,274000000,1.394,1.784,1460000000,15000000,1445000000,1460000000,0,194000000,0,0.0,0.0,314000000,508000000,0.164,508000000,314000000,288000000,0.81,0.8,0.81,5368000000,5368000000,10237523042,12,6.239,-19000000,-0.102,1,709000000,0.229,0,26000000,14384000000,1630000000,1413000000,0,1413000000,9579000000,2976000000,6603000000,9973523042,-162000000,0,15000000,57000000,0,-147000000,-74000000,0,55000000,4000000,150000000,150000000,150000000,0,124000000,0.049,271000000,438000000,1813000000,0.0,1.858,70.236,69.468,9034000000,0,53.49,0.825,0.825,1001000000,263000000,3090000000,3090000000,8000000,10000000,67000000,1,186455843,186455843,,16.572,17096000000,700000000,138000000,610000000,91.689,1173000000,56000000,0.09099999999999997,280227,-0.027999999999999997,-0.20583286595625358
AA,2017-12-31,-5182000000,17447000000,4238000000,13209000000,24.294,-150000000,1358000000,1358000000,2359000000,-56000000,1.303,2.354,1404000000,16000000,1388000000,1404000000,0,188000000,0,0.0,0.0,103000000,291000000,0.092,291000000,103000000,76000000,-1.06,-1.05,-1.06,4523000000,4523000000,8736677755,9,5.222,305000000,1.638,1,815000000,0.257,0,27000000,14241000000,1453000000,1410000000,0,1410000000,10649000000,3252000000,7397000000,8690677755,239000000,2000000,5000000,18000000,0,-53000000,-170000000,-22000000,455000000,7000000,-196000000,-196000000,-196000000,0,140000000,-0.062,572000000,243000000,1898000000,0.0,1.921,40.049,39.559,9138000000,0,46.68,0.746,0.746,1043000000,113000000,3174000000,3174000000,9000000,3000000,70000000,1,186175616,186175616,,17.048,17447000000,814000000,272000000,591000000,93.713,986000000,3000000,-0.07200000000000006,1152687,0.05399999999999999,0.1458868894601543
AA,2017-09-30,-4033000000,17254000000,3804000000,13450000000,31.683,-96000000,1119000000,1119000000,2361000000,169000000,1.375,1.559,1401000000,17000000,1384000000,1401000000,0,195000000,0,0.0,0.0,258000000,453000000,0.153,453000000,258000000,232000000,0.61,0.6,0.61,5862000000,5862000000,9146448528,13,6.193,288000000,1.557,1,603000000,0.203,0,26000000,14770000000,1323000000,1408000000,0,1408000000,9136000000,2766000000,6370000000,8864448528,165000000,0,20000000,-46000000,0,-115000000,-100000000,-8000000,384000000,-4000000,113000000,113000000,113000000,0,56000000,0.038,289000000,314000000,1618000000,0.0,1.512,32.352,32.154,9282000000,0,47.91,0.805,0.805,1033000000,309000000,2964000000,2964000000,8000000,7000000,70000000,1,185022929,185022929,,16.02,17254000000,862000000,119000000,484000000,93.253,1038000000,-36000000,0.0009999999999998899,683397,0.01100000000000001,-0.025673137132122666
AA,2017-06-30,-3803000000,16929000000,3583000000,13346000000,32.299,-88000000,954000000,954000000,2309000000,138000000,1.374,1.466,1437000000,19000000,1418000000,1437000000,0,190000000,0,0.0,0.0,199000000,389000000,0.136,389000000,199000000,174000000,0.41,0.4,0.41,5954000000,5954000000,7320153242,12,,223000000,1.21,1,550000000,0.192,0,25000000,14804000000,1287000000,1378000000,0,1378000000,8730000000,2608000000,6122000000,6837153242,150000000,5000000,0,-3000000,0,-78000000,-87000000,-11000000,311000000,4000000,75000000,75000000,75000000,0,63000000,0.026,288000000,262000000,1508000000,0.0,1.148,44.111,44.155,9237000000,0,37.09,0.659,0.659,995000000,196000000,2859000000,2859000000,8000000,7000000,72000000,1,184339532,184339532,,15.509,16929000000,784000000,99000000,492000000,91.836,975000000,-14000000,0.07600000000000007,99360,-0.03900000000000001,0.29172283634402785
AA,2017-03-31,-3800000000,17076000000,3404000000,13672000000,31.893,-71000000,804000000,804000000,2043000000,308000000,1.298,1.517,1451000000,20000000,1431000000,1451000000,0,179000000,0,0.0,0.0,361000000,540000000,0.203,540000000,361000000,335000000,1.23,1.21,1.23,5876000000,5876000000,6373184546,,,3000000,0.016,1,612000000,0.231,0,26000000,15100000000,1294000000,1393000000,0,1393000000,8913000000,2623000000,6290000000,5726184546,-49000000,238000000,18000000,-1000000,0,-260000000,131000000,-25000000,74000000,6000000,225000000,225000000,225000000,0,83000000,0.085,168000000,444000000,1434000000,0.0,0.975,,,9434000000,0,31.08,,,882000000,121000000,2655000000,2655000000,7000000,7000000,72000000,1,184240172,184240172,,14.411,17076000000,814000000,110000000,528000000,92.683,781000000,6000000,0.17000000000000015,35409,0.07300000000000001,0.19337194337194355
AA,2016-12-31,-3775000000,16741000000,3181000000,13560000000,30.694,-146000000,853000000,853000000,2137000000,-143000000,1.128,1.6,1445000000,21000000,1424000000,1445000000,0,182000000,0,0.0,0.0,-87000000,95000000,0.037,95000000,-87000000,-133000000,-0.76,-0.76,-0.76,5654000000,5654000000,7064955372,262,9.483,93000000,0.505,1,400000000,0.158,0,46000000,14512000000,1160000000,1358000000,0,1358000000,9044000000,2821000000,6223000000,6472955372,612000000,0,10000000,-22000000,0,-698000000,1082000000,0,239000000,-11000000,-139000000,-139000000,-139000000,0,-4000000,-0.055,491000000,-91000000,1455000000,0.0,1.145,-16.182,-16.046,9325000000,0,35.14,0.695,0.695,834000000,-104000000,2537000000,2537000000,7000000,4000000,92000000,1,184204763,184204763,,13.773,16741000000,741000000,6000000,457000000,90.883,360000000,-33000000,-0.514,1335468,0.0010000000000000009,-0.11553784860557775
AA,2016-09-30,-4478000000,17305000000,3622000000,13683000000,38.169,,1469000000,1469000000,1964000000,14000000,1.642,1.172,1478000000,21000000,1457000000,1478000000,0,,0,0.0,0.0,153000000,,,,153000000,86000000,-0.04,-0.04,-0.04,6980000000,6980000000,6873913334,,,,,1,365000000,0.157,155000000,67000000,14953000000,1192000000,1362000000,0,1362000000,8179000000,2206000000,5973000000,6864913334,,,,,,,,,,,-6000000,-6000000,-6000000,0,20000000,-0.003,192000000,173000000,1252000000,0.0,0.984,,,9609000000,0,37.54,,,692000000,,2329000000,2329000000,8000000,,92000000,1,182869295,182869295,,12.736,17150000000,753000000,92000000,461000000,93.783,1416000000,0,0.0,0,0.0,-0.06393180607352154
AA,2016-09-30,-4478000000,17305000000,3622000000,13683000000,38.169,,1469000000,1469000000,1964000000,14000000,1.642,1.172,1478000000,21000000,1457000000,1478000000,0,,0,0.0,0.0,153000000,,,,153000000,86000000,-0.04,-0.04,-0.04,6980000000,6980000000,5290265240,,,,,1,365000000,0.157,155000000,67000000,14953000000,1192000000,1362000000,0,1362000000,8179000000,2206000000,5973000000,5281265240,,,,,,,,,,,-6000000,-6000000,-6000000,0,20000000,-0.003,192000000,173000000,1252000000,0.0,0.757,,,9609000000,0,28.88,,,692000000,,2329000000,2329000000,8000000,,92000000,1,182869295,182869295,,12.736,17150000000,753000000,92000000,461000000,93.783,1416000000,1253000000,0.575,0,,0.29986149584487537
AA,2015-12-31,-1600000000,16413000000,2566000000,13847000000,51.633,,557000000,557000000,,,1.067,0.519,225000000,18000000,207000000,225000000,0,,0,,0.0,,,,,,,,,,9442000000,9442000000,,,,,,1,,,152000000,,13525000000,1172000000,1472000000,0,1472000000,4900000000,2404000000,2496000000,,,,,,,,,,,,,,,,,,,,1379000000,,,,,9390000000,,,,,504000000,,,,,,,1,182869295,182869295,,,16261000000,589000000,,644000000,88.921,162000000,0,0.0,0,,
AA,2015-12-31,-1600000000,16413000000,2566000000,13847000000,51.633,,557000000,557000000,,,1.067,0.519,225000000,18000000,207000000,225000000,0,,0,,0.0,,,,,,,,,,9442000000,9442000000,,,,,,1,,,152000000,,13525000000,1172000000,1472000000,0,1472000000,4900000000,2404000000,2496000000,,,,,,,,,,,,,,,,,,,,1379000000,,,,,9390000000,,,,,504000000,,,,,,,1,182869295,182869295,,,16261000000,589000000,,644000000,88.921,162000000,0,0.0,0,,
AA,2015-12-31,-1600000000,16413000000,2566000000,13847000000,51.633,,557000000,557000000,,,1.067,0.519,225000000,18000000,207000000,225000000,0,,0,,0.0,,,,,,,,,,9442000000,9442000000,,,,,,1,,,152000000,,13525000000,1172000000,1472000000,0,1472000000,4900000000,2404000000,2496000000,,,,,,,,,,,,,,,,,,,,1379000000,,,,,9390000000,,,,,504000000,,,,,,,1,182869295,182869295,,,16261000000,589000000,,644000000,88.921,162000000,0,0.0,0,,
AA,2015-12-31,-1600000000,16413000000,2566000000,13847000000,51.633,,557000000,557000000,,,1.067,0.519,225000000,18000000,207000000,225000000,0,,0,,0.0,,,,,,,,,,9442000000,9442000000,,,,,,1,,,152000000,,13525000000,1172000000,1472000000,0,1472000000,4900000000,2404000000,2496000000,,,,,,,,,,,,,,,,,,,,1379000000,,,,,9390000000,,,,,504000000,,,,,,,1,182869295,182869295,,,16261000000,589000000,,644000000,88.921,162000000,0,0.0,0,,
AA,2015-12-31,-1600000000,16413000000,2566000000,13847000000,51.633,,557000000,557000000,,,1.067,0.519,225000000,18000000,207000000,225000000,0,,0,,0.0,,,,,,,,,,9442000000,9442000000,,,,,,1,,,152000000,,13525000000,1172000000,1472000000,0,1472000000,4900000000,2404000000,2496000000,,,,,,,,,,,,,,,,,,,,1379000000,,,,,9390000000,,,,,504000000,,,,,,,1,182869295,182869295,,,16261000000,589000000,,644000000,88.921,162000000,0,0.0,0,,
AAPL,2019-12-31,-418000000,340618000000,163231000000,177387000000,20.279,-2107000000,39771000000,39771000000,56602000000,22236000000,1.598,2.804,108292000000,15214000000,93078000000,108292000000,5573000000,2816000000,0,0.009,0.77,25918000000,28734000000,0.313,28734000000,25918000000,25918000000,5.04,4.99,5.04,89531000000,89531000000,1487664183200,22,18.662,28409000000,6.435,1,35217000000,0.384,0,0,306978000000,4097000000,167290000000,67391000000,99899000000,251087000000,102161000000,148926000000,1419143183200,-8559000000,-958000000,-20704000000,231000000,-3539000000,-25407000000,-13668000000,-10473000000,30516000000,0,22236000000,22236000000,22236000000,0,0,0.242,9648000000,25569000000,45111000000,0.153,15.851,24.669,25.418,37031000000,0,324.34,5.302,5.35,39946000000,43977000000,91819000000,91819000000,4451000000,1710000000,5197000000,1,4375480000,4415040000,4454604000,20.797,340618000000,0,3682000000,0,77.149,61070000000,245000000,0.05800000000000005,-67785000,0.0040000000000000036,-0.10874391071098226
AAPL,2019-09-30,-584000000,338516000000,162819000000,175697000000,20.15,-2777000000,48844000000,48844000000,39727000000,13686000000,1.54,2.741,108047000000,16240000000,91807000000,108047000000,5522000000,3179000000,0,0.012,0.77,16127000000,19306000000,0.301,19306000000,16127000000,16127000000,3.05,3.03,3.05,90488000000,90488000000,1164509601400,18,14.875,17133000000,3.815,1,24313000000,0.38,0,0,292001000000,4106000000,157054000000,51713000000,105341000000,248028000000,105718000000,142310000000,1105306601400,-1927000000,-13000000,-17054000000,-293000000,-3479000000,-21039000000,-798000000,2802000000,19910000000,0,13686000000,13686000000,13686000000,0,0,0.214,8688000000,15625000000,46236000000,0.252,12.215,20.003,20.782,37378000000,0,248.76,4.248,4.415,45804000000,45898000000,64040000000,64040000000,4110000000,1499000000,4578000000,1,4443265000,4490811000,4520375000,14.26,338516000000,0,2441000000,0,75.38,57101000000,-371000000,0.03500000000000014,-75915000,0.0040000000000000036,0.3038269818298761
AAPL,2019-06-30,-639000000,322239000000,134973000000,187266000000,21.103,-2000000000,50530000000,50530000000,33582000000,10044000000,1.505,2.341,108418000000,23482000000,84936000000,108418000000,5434000000,2933000000,0,0.014,0.77,11911000000,14844000000,0.276,14844000000,11911000000,11911000000,2.2,2.18,2.2,96456000000,96456000000,1020654107200,15,13.06,9636000000,2.108,1,20227000000,0.376,0,0,290423000000,3355000000,160080000000,44084000000,115996000000,225783000000,89704000000,136079000000,962766107200,12334000000,-320000000,-16954000000,-5026000000,-3629000000,-26804000000,27502000000,30120000000,11636000000,0,10044000000,10044000000,10044000000,0,0,0.187,8683000000,11544000000,29115000000,0.35,9.981,17.286,18.008,37636000000,0,213.04,3.717,3.759,26474000000,53724000000,53809000000,53809000000,4257000000,1496000000,4426000000,1,4519180000,4570633000,4601380000,11.773,322239000000,0,1867000000,0,70.502,45269000000,-4212000000,0.18999999999999995,-81895000,0.0,0.16766804355989487
AAPL,2019-03-31,-1499000000,341998000000,123346000000,218652000000,22.648,-2363000000,37988000000,37988000000,36194000000,11561000000,1.315,2.231,112630000000,22429000000,90201000000,112630000000,5532000000,3040000000,0,0.014,0.73,13793000000,16833000000,0.29,16833000000,13793000000,13793000000,2.47,2.46,2.47,105860000000,105860000000,1043260309000,15,13.163,8792000000,1.881,1,21821000000,0.376,0,0,322868000000,4884000000,187423000000,42104000000,145319000000,236138000000,93772000000,142366000000,968618309000,-4954000000,-124000000,-23312000000,-2506000000,-3443000000,-29457000000,13348000000,15749000000,11155000000,0,11561000000,11561000000,11561000000,0,0,0.199,8406000000,13415000000,30443000000,0.296,9.15,16.943,17.558,38746000000,0,210.52,3.747,3.807,26278000000,64558000000,58015000000,58015000000,3948000000,1514000000,4458000000,1,4601075000,4674071000,4700646000,12.412,341998000000,0,2232000000,0,73.169,29574000000,-2100000000,0.014000000000000012,-114205000,-0.0040000000000000036,0.011970359110773236
AAPL,2018-12-31,-3588000000,373719000000,140828000000,232891000000,24.894,-3355000000,44771000000,44771000000,52279000000,19965000000,1.301,2.17,114730000000,21741000000,92989000000,114730000000,5546000000,3395000000,0,0.017,0.73,23906000000,27301000000,0.324,27301000000,23906000000,23906000000,4.22,4.18,4.22,117892000000,117892000000,849159020000,12,10.441,23335000000,4.927,1,32031000000,0.38,0,0,335395000000,4988000000,200264000000,41656000000,158608000000,255827000000,108283000000,147544000000,779200020000,18858000000,-167000000,-8796000000,6000000,-3568000000,-13676000000,5844000000,9422000000,26690000000,0,19965000000,19965000000,19965000000,0,0,0.237,8685000000,23346000000,44293000000,0.173,6.609,13.111,13.468,39597000000,0,165.25,2.978,2.991,36981000000,80510000000,84310000000,84310000000,3902000000,1559000000,4783000000,1,4715280000,4735820000,4773252000,17.803,373719000000,0,3941000000,0,78.913,32545000000,247000000,0.17699999999999982,-30118000,-0.0030000000000000027,0.2739485627836612
AAPL,2018-09-30,-3454000000,365725000000,131339000000,234386000000,22.315,-3041000000,25913000000,25913000000,38816000000,14125000000,1.124,2.413,114483000000,20748000000,93735000000,114483000000,10340000000,2754000000,0,0.013,0.73,16421000000,19175000000,0.305,19175000000,16421000000,16421000000,2.94,2.92,2.94,107147000000,107147000000,1045194782820,14,12.472,16482000000,3.433,1,24084000000,0.383,0,0,337429000000,3956000000,211187000000,40388000000,170799000000,258578000000,116866000000,141712000000,956624782820,-6058000000,-290000000,-18763000000,-27000000,-3530000000,-22580000000,-3001000000,552000000,19523000000,0,14125000000,14125000000,14125000000,0,0,0.225,7966000000,16118000000,55888000000,0.248,8.928,16.069,16.785,41304000000,0,201.59,3.602,3.761,48995000000,70400000000,62900000000,62900000000,3750000000,1345000000,4216000000,1,4745398000,4801588000,4847547000,13.1,365725000000,0,2296000000,0,76.168,14473000000,-117000000,-0.18299999999999983,-84528000,0.0,-0.18026687831737687
AAPL,2018-06-30,-3111000000,349197000000,115761000000,233436000000,23.545,-3267000000,31971000000,31971000000,32844000000,11519000000,1.307,2.038,114600000000,17472000000,97128000000,114600000000,10281000000,2665000000,0,0.013,0.73,13284000000,15949000000,0.299,15949000000,13284000000,13284000000,2.36,2.34,2.36,114949000000,114949000000,1055859089000,15,13.03,11221000000,2.298,1,20421000000,0.383,0,0,343278000000,5936000000,211772000000,38999000000,172773000000,234248000000,88548000000,145700000000,973230089000,-13088000000,-126000000,-20782000000,-6011000000,-3653000000,-31523000000,3947000000,7916000000,14488000000,0,11519000000,11519000000,11519000000,0,0,0.216,7809000000,12612000000,38489000000,0.309,8.467,17.342,18.121,38117000000,0,201.5,3.812,3.854,26367000000,79436000000,53265000000,53265000000,3701000000,1351000000,4108000000,1,4829926000,4882167000,4926609000,10.91,349197000000,0,1765000000,0,71.525,27213000000,-7240000000,-0.14900000000000002,-85212000,0.0,0.0004466501240694958
AAPL,2018-03-31,-3064000000,367502000000,130053000000,237449000000,25.25,-4041000000,45059000000,45059000000,37715000000,13822000000,1.456,1.896,121840000000,20478000000,101362000000,121840000000,10862000000,2739000000,0,0.014,0.63,16168000000,18907000000,0.309,18907000000,16168000000,16168000000,2.75,2.73,2.75,126878000000,126878000000,944646916660,14,11.996,11089000000,2.207,1,23422000000,0.383,0,0,354963000000,7662000000,222167000000,42881000000,179286000000,240624000000,89320000000,151304000000,867865916660,17568000000,-132000000,-22429000000,-501000000,-3190000000,-26272000000,28710000000,32894000000,15130000000,0,13822000000,13822000000,13822000000,0,0,0.226,7528000000,15894000000,34311000000,0.229,6.84,16.277,16.913,35077000000,0,176.57,3.508,3.586,22408000000,91898000000,61137000000,61137000000,3378000000,1348000000,4150000000,1,4915138000,5024877000,5068493000,12.167,367502000000,0,2346000000,0,73.137,40733000000,-560000000,0.21399999999999997,-158875000,-0.0010000000000000009,0.141190462706009
AAPL,2017-12-31,-841000000,406794000000,143810000000,262984000000,27.421,-2964000000,27491000000,27491000000,54381000000,20065000000,1.242,1.902,122400000000,18478000000,103922000000,122400000000,11175000000,2745000000,0,0.015,0.63,27030000000,29775000000,0.337,29775000000,27030000000,27030000000,3.92,3.89,3.92,140199000000,140199000000,909288086500,14,11.831,25329000000,4.954,1,33912000000,0.384,8038000000,0,377877000000,4421000000,257606000000,49662000000,207944000000,266595000000,115788000000,150807000000,814379086500,7202000000,-173000000,-10095000000,6971000000,-3339000000,-7501000000,-13590000000,-10517000000,28293000000,0,20065000000,20065000000,20065000000,0,0,0.227,7638000000,26274000000,62985000000,0.161,5.809,16.118,16.378,33679000000,0,160.5,3.405,3.431,50899000000,104593000000,88293000000,88293000000,3407000000,1296000000,4231000000,1,5074013000,5112877000,5157787000,17.269,398756000000,0,6965000000,0,77.991,28022000000,6720000000,-0.03400000000000003,-60299000,0.0050000000000000044,0.10012461059190027
AAPL,2017-09-30,-150000000,375319000000,128645000000,246674000000,26.031,-4000000000,20289000000,20289000000,32648000000,10714000000,1.276,1.8,115680000000,18473000000,97207000000,115680000000,10384000000,2484000000,0,0.011,0.63,13917000000,16401000000,0.312,16401000000,13917000000,13917000000,2.09,2.07,2.09,134047000000,134047000000,981059820000,15,13.214,11656000000,2.264,1,19931000000,0.379,8015000000,0,361881000000,4855000000,248606000000,53892000000,194714000000,241272000000,100814000000,140458000000,885668820000,1718000000,-81000000,-7514000000,6923000000,-3270000000,-3996000000,-9942000000,-5768000000,15656000000,0,10714000000,10714000000,10714000000,0,0,0.204,6811000000,13120000000,49049000000,0.301,6.607,18.317,18.608,33783000000,0,172.5,3.864,3.926,35673000000,98330000000,52579000000,52579000000,2997000000,1174000000,3814000000,1,5134312000,5149427000,5183586000,10.211,367304000000,0,3203000000,0,71.329,27831000000,7341000000,-0.11199999999999988,-30916000,-0.006000000000000005,-0.06956521739130435
AAPL,2017-06-30,-545000000,345173000000,112875000000,232298000000,25.49,-2360000000,18571000000,18571000000,27920000000,8717000000,1.388,1.607,108339000000,18475000000,89864000000,108339000000,10592000000,2354000000,0,0.015,0.63,11308000000,13662000000,0.301,13662000000,11308000000,11308000000,1.68,1.67,1.68,132425000000,132425000000,901431927920,14,12.42,6003000000,1.156,1,17488000000,0.385,8105000000,0,345534000000,3146000000,242945000000,58188000000,184757000000,212748000000,81302000000,131446000000,811663927920,3414000000,-181000000,-7092000000,9237000000,-3365000000,-1769000000,-3180000000,-836000000,8363000000,0,8717000000,8717000000,8717000000,0,0,0.192,6720000000,10768000000,31915000000,0.375,6.129,17.399,17.736,29286000000,0,157.14,3.631,3.652,22632000000,98525000000,45408000000,45408000000,2937000000,1193000000,3783000000,1,5165228000,5195088000,5233499000,8.741,337068000000,0,2591000000,0,64.882,31573000000,9817000000,-0.0030000000000001137,-48612000,-0.0040000000000000036,0.09774723176785043
AAPL,2017-03-31,-422000000,334532000000,101990000000,232542000000,25.658,-3015000000,15157000000,15157000000,32305000000,11029000000,1.391,1.495,98522000000,13991000000,84531000000,98522000000,10789000000,2332000000,0,0.016,0.57,14684000000,17016000000,0.322,17016000000,14684000000,14684000000,2.11,2.1,2.11,134082000000,134082000000,850112310400,14,11.821,9508000000,1.819,1,20591000000,0.389,8090000000,0,336465000000,2910000000,241684000000,51944000000,189740000000,200450000000,73342000000,127108000000,766747310400,-1214000000,-50000000,-6888000000,10469000000,-3004000000,465000000,-14202000000,-11357000000,12523000000,0,11029000000,11029000000,11029000000,0,0,0.209,6494000000,14097000000,28573000000,0.27,5.718,16.767,17.08,27163000000,0,147.06,3.478,3.486,20612000000,100925000000,52896000000,52896000000,2776000000,1217000000,3718000000,1,5213840000,5225791000,5261688000,10.122,326442000000,0,3655000000,0,62.467,28648000000,10973000000,0.16300000000000003,-32700000,0.0040000000000000036,0.06854345165238668
AAPL,2016-12-31,245000000,331141000000,103332000000,227809000000,24.986,-3420000000,16371000000,16371000000,48175000000,17891000000,1.228,1.501,87549000000,13992000000,73557000000,87549000000,11052000000,2987000000,0,0.017,0.57,24180000000,27167000000,0.347,27167000000,24180000000,24180000000,3.38,3.36,3.38,132390000000,132390000000,746670025000,12,10.44,23636000000,4.461,1,30176000000,0.385,8271000000,0,309918000000,2712000000,229719000000,44081000000,185638000000,198751000000,84130000000,114621000000,675492025000,-4113000000,-17000000,-10851000000,2385000000,-3130000000,-12047000000,-19122000000,-15581000000,27056000000,0,17891000000,17891000000,17891000000,0,0,0.228,6817000000,23359000000,38510000000,0.169,5.102,14.939,15.309,26510000000,0,128.75,3.097,3.128,27977000000,100001000000,78351000000,78351000000,2871000000,1256000000,3946000000,1,5246540000,5298661000,5327995000,14.787,322870000000,0,6289000000,0,60.934,19202000000,517000000,-0.125,-85773000,0.0050000000000000044,0.14221359223300972
AAPL,2016-09-30,634000000,321686000000,106869000000,214817000000,23.896,-4038000000,20484000000,20484000000,29039000000,9014000000,1.353,1.508,87032000000,11605000000,75427000000,87032000000,11010000000,2548000000,0,0.019,0.57,12188000000,14736000000,0.315,14736000000,12188000000,12188000000,1.69,1.69,1.69,128249000000,128249000000,682910059670,11,9.501,12088000000,2.252,1,17813000000,0.38,8620000000,0,300608000000,2132000000,217101000000,46671000000,170430000000,193437000000,79006000000,114431000000,616362059670,2247000000,-151000000,-5778000000,2581000000,-3092000000,-6482000000,-7397000000,-3419000000,16126000000,0,9014000000,9014000000,9014000000,0,0,0.192,6052000000,11761000000,37294000000,0.337,4.806,13.491,13.843,27010000000,0,115.59,2.858,2.933,29299000000,96364000000,46852000000,46852000000,2570000000,1030000000,3482000000,1,5332313000,5366912000,5393331000,8.73,313066000000,0,3174000000,0,58.333,27863000000,2097000000,0.040999999999999925,-56130000,0.0,0.1138506791244917
AAPL,2016-06-30,-107000000,305602000000,93761000000,211841000000,23.248,-2905000000,18237000000,18237000000,26252000000,7796000000,1.312,1.415,84935000000,15996000000,68939000000,84935000000,11416000000,2526000000,0,0.021,0.57,10469000000,12995000000,0.307,12995000000,10469000000,10469000000,1.43,1.42,1.43,126541000000,126541000000,621438206850,10,8.25,7729000000,1.42,1,16106000000,0.38,8767000000,0,292047000000,1831000000,213283000000,43519000000,169764000000,179061000000,71486000000,107575000000,554740206850,-3277000000,-6000000,-10166000000,4395000000,-3187000000,-9441000000,-4470000000,-1560000000,10634000000,0,7796000000,7796000000,7796000000,0,0,0.184,6001000000,10105000000,26318000000,0.399,4.384,11.606,11.943,25448000000,0,102.95,2.518,2.544,19042000000,96542000000,42358000000,42358000000,2560000000,1054000000,3441000000,1,5388443000,5443058000,5472781000,7.782,296835000000,0,2673000000,0,54.535,22275000000,5063000000,0.029000000000000137,-88982000,-0.014000000000000012,0.12277804759592036
AAPL,2016-03-31,-1048000000,305277000000,87592000000,217685000000,23.658,-2599000000,21514000000,21514000000,30636000000,10516000000,1.283,1.34,79872000000,10498000000,69374000000,79872000000,12783000000,2477000000,0,0.021,0.52,14142000000,16619000000,0.329,16619000000,14142000000,14142000000,1.91,1.9,1.91,130457000000,130457000000,594159713500,9,7.438,9002000000,1.632,1,19921000000,0.394,9092000000,0,286278000000,2281000000,211414000000,33769000000,177645000000,174820000000,68265000000,106555000000,535801713500,4825000000,-54000000,-6421000000,16321000000,-2902000000,6884000000,-13660000000,-10983000000,11601000000,0,10516000000,10516000000,10516000000,0,0,0.208,5934000000,13987000000,25098000000,0.272,4.107,10.573,10.809,23203000000,0,97.82,2.355,2.371,19824000000,102021000000,50557000000,50557000000,2511000000,1048000000,3423000000,1,5477425000,5514381000,5540886000,9.168,296185000000,0,3626000000,0,53.711,19327000000,16909000000,0.2809999999999999,-67158000,-0.007000000000000006,0.052443263136373035
AAPL,2015-12-31,-1480000000,293284000000,76219000000,217065000000,23.074,-4006000000,16689000000,16689000000,45449000000,18361000000,1.002,1.287,62963000000,9759000000,53204000000,62963000000,12535000000,2954000000,0,0.022,0.52,24573000000,27527000000,0.363,27527000000,24573000000,24573000000,3.3,3.28,3.3,128267000000,128267000000,564248943860,8,6.693,23457000000,4.22,1,30423000000,0.401,9126000000,0,254340000000,2451000000,199050000000,21385000000,177665000000,165017000000,76092000000,88925000000,517974943860,-4431000000,-86000000,-6862000000,-1240000000,-2969000000,-11444000000,-20450000000,-16060000000,27463000000,0,18361000000,18361000000,18361000000,0,0,0.242,6252000000,24171000000,33312000000,0.158,4.038,9.64,9.854,22300000000,0,93.42,2.204,2.21,24621000000,101494000000,75872000000,75872000000,2404000000,1078000000,3848000000,1,5544583000,5558930000,5594127000,13.649,284158000000,0,6212000000,0,51.117,127000000,-1499000000,-0.10699999999999998,-30748000,0.0020000000000000018,0.047099122243630824
AAPL,2015-09-30,-345000000,290479000000,89378000000,201101000000,21.136,-3658000000,21120000000,21120000000,30953000000,11124000000,1.109,1.434,64462000000,10999000000,53463000000,64462000000,12564000000,3119000000,0,0.017,0.52,15062000000,18181000000,0.353,18181000000,15062000000,15062000000,1.98,1.97,1.98,119355000000,119355000000,708311728370,10,8.455,9817000000,1.738,1,20548000000,0.399,9009000000,0,244202000000,2349000000,184546000000,20481000000,164065000000,171124000000,80610000000,90514000000,664969728370,5801000000,-113000000,-13034000000,9801000000,-2964000000,-6299000000,-1375000000,2556000000,13475000000,0,11124000000,11124000000,11124000000,0,0,0.216,5925000000,14623000000,35490000000,0.263,5.571,12.454,12.852,22471000000,0,119.27,2.845,2.936,30343000000,92284000000,51501000000,51501000000,2220000000,915000000,3705000000,1,5575331000,5646918000,5682516000,9.12,281470000000,5546000000,3938000000,0,49.845,8768000000,10044000000,0.02200000000000002,-127391000,0.0020000000000000018,-0.21673513876079478
AAPL,2015-06-30,1098000000,273151000000,70953000000,202198000000,21.934,-2089000000,15319000000,15319000000,29924000000,10677000000,1.087,1.173,54418000000,6999000000,47419000000,54418000000,12562000000,3084000000,0,0.015,0.52,14473000000,17557000000,0.354,17557000000,14473000000,14473000000,1.86,1.85,1.86,125677000000,125677000000,753193848840,11,9.53,12899000000,2.251,1,19681000000,0.397,8823000000,0,238142000000,2042000000,187529000000,19384000000,168145000000,147474000000,65285000000,82189000000,714094848840,830000000,-115000000,-9985000000,10680000000,-3053000000,-2755000000,-11403000000,-9245000000,14988000000,0,10677000000,10677000000,10677000000,0,0,0.215,5598000000,14083000000,26474000000,0.28,5.682,14.074,14.377,21149000000,0,125.22,3.183,3.198,19907000000,98252000000,49605000000,49605000000,2034000000,856000000,3564000000,1,5702722000,5729886000,5773099000,8.657,264328000000,5010000000,3796000000,0,46.131,5668000000,10547000000,-0.06899999999999995,-58308000,-0.010999999999999954,-0.04751637118671141
AAPL,2015-03-31,2710000000,261194000000,67891000000,193303000000,22.266,-2476000000,14489000000,14489000000,34354000000,13569000000,1.156,1.025,43871000000,3799000000,40072000000,43871000000,12515000000,2479000000,0,0.014,0.47,18564000000,21043000000,0.363,21043000000,18564000000,18564000000,2.34,2.33,2.34,129006000000,129006000000,781542076800,12,10.575,16605000000,2.866,1,23656000000,0.408,8772000000,0,223075000000,2396000000,179050000000,18607000000,160443000000,132188000000,58729000000,73459000000,752160076800,-4989000000,-92000000,-6741000000,7748000000,-2743000000,-1739000000,-22331000000,-19786000000,19081000000,0,13569000000,13569000000,13569000000,0,0,0.234,5378000000,18278000000,23159000000,0.201,5.83,15.733,16.039,20151000000,0,130.56,3.545,3.565,18164000000,100920000000,58010000000,58010000000,1918000000,927000000,3460000000,1,5761030000,5793799000,5834858000,10.012,252422000000,5141000000,4995000000,0,43.568,9162000000,7468000000,0.02299999999999991,-63718000,0.008999999999999952,-0.040900735294117675
ABC,2019-09-30,-111965000,39171980000,28132054000,11039926000,13.566,-79455000,3374194000,3374194000,44453065000,132307000,0.951,12.567,4493410000,139012000,4354398000,4493410000,0,74812000,0,0.018,0.8,181366000,256178000,0.006,256178000,181366000,144963000,0.62,0.62,0.62,2878917000,2878917000,19201243153,17,13.268,593367000,2.796,1,1184737000,0.026,9000343000,36403000,1709559000,11060254000,0,0,0,36178774000,29581294000,6597480000,18082027153,374635000,93000,-129879000,-2580000,-83910000,-219388000,-78799000,0,672822000,0,132619000,132619000,132619000,0,-312000,0.003,1004896000,179841000,28385074000,1.29,6.281,21.14,21.575,1770516000,0,87.81,0.101,0.103,12386879000,4235491000,45637802000,45637802000,0,10443000,721944000,1,205922186,212208000,213907000,215.062,30171637000,0,12344000,2144270000,142.18,-1449240000,-12656000,-0.0010000000000000009,-2403315,-0.0010000000000000009,0.012185400296093761
ABC,2019-06-30,-86883000,38478538000,27401778000,11076760000,14.255,-69279000,2999559000,2999559000,44008026000,302002000,0.952,11.832,4506066000,166137000,4339929000,4506066000,0,74501000,0,0.017,0.4,406993000,481494000,0.011,481494000,406993000,371072000,1.44,1.43,1.44,2989422000,2989422000,20609955442,18,14.018,498590000,2.378,1,1231239000,0.027,9036963000,35921000,2159211000,11247776000,0,0,0,35371341000,28788871000,6582470000,19103448442,123809000,-11646000,-157549000,-114476000,-84636000,-358254000,-85806000,0,567869000,0,301959000,301959000,301959000,0,43000,0.007,824545000,406694000,27807403000,0.278,6.39,19.982,20.288,1767426000,0,91.7,0.108,0.108,11989030000,4186782000,45239265000,45239265000,0,10562000,656943000,1,208325501,209705000,211161000,215.728,29441575000,0,69113000,2148257000,140.395,-1387093000,-136807000,0.006000000000000005,-1851450,-0.006000000000000002,-0.042420937840785176
ABC,2019-03-31,-85142000,38810310000,27622183000,11188127000,13.849,-82255000,2875750000,2875750000,41894846000,28073000,0.946,12.246,4642873000,282973000,4359900000,4642873000,0,85793000,0,0.02,0.4,61121000,146914000,0.003,146914000,61121000,17846000,0.13,0.13,0.13,2921215000,2921215000,17963358844,16,12.217,542109000,2.57,1,1424756000,0.033,9055678000,43275000,2309856000,11373730000,0,0,0,35771979000,29211899000,6560080000,16196235844,335594000,0,-93761000,-24459000,-84893000,-205161000,-83609000,0,624364000,0,27135000,27135000,27135000,0,938000,0.001,1377191000,47565000,28189390000,3.077,5.544,17.417,17.756,1858867000,0,77.06,0.092,0.093,12222271000,3969459000,43319602000,43319602000,0,6101000,628036000,1,210176951,210934000,212563000,205.37,29754632000,0,-9289000,2130863000,141.061,-1589716000,-29986000,0.009999999999999898,-912942,0.004,0.18998183233843757
ABC,2018-12-31,-92883000,39267823000,27476207000,11791616000,14.376,-79233000,2540156000,2540156000,44094872000,391753000,0.936,11.843,4672859000,156276000,4516583000,4672859000,0,85996000,0,0.018,0.0,476625000,562621000,0.012,562621000,476625000,434455000,1.86,1.84,1.86,3048453000,3048453000,19731267379,13,10.893,399735000,1.885,1,1297580000,0.029,9622245000,42170000,2426544000,11800185000,0,0,0,36103090000,29351737000,6751353000,17598564379,47640000,-52398000,-216608000,8442000,-85535000,-303710000,-127618000,0,478968000,0,393652000,393652000,393652000,0,-1899000,0.009,822854000,474726000,28336293000,0.0,5.773,14.786,15.103,1896943000,0,83.37,0.102,0.102,11979382000,4027217000,45392452000,45392452000,0,31768000,656585000,1,211089893,212054000,213969000,214.061,29645578000,0,40803000,2149438000,139.802,-1875530000,10374000,0.007000000000000006,-843600,0.005000000000000001,-0.07568669785294473
ABC,2018-09-30,-79253000,37669838000,25894372000,11775466000,13.616,-88052000,2492516000,2492516000,42264495000,194004000,0.929,11.804,4662485000,151657000,4510828000,4662485000,0,84975000,0,0.017,0.78,194201000,279176000,0.006,279176000,194201000,151154000,1.09,1.09,1.09,2932824000,2932824000,21004498523,15,12.261,577293000,2.68,1,1032641000,0.024,9612100000,43047000,2358020000,11918508000,0,0,0,34619877000,27869687000,6750190000,18834529523,103588000,-2037000,-327844000,-63464000,-82077000,-476515000,-85242000,0,665345000,0,233288000,233288000,233288000,0,-39284000,0.005,878544000,154097000,26836873000,0.716,6.422,11.357,11.678,1892424000,0,88.87,0.112,0.115,11314226000,3720582000,43297136000,43297136000,0,8712000,657805000,1,211933493,215394000,217453000,201.014,28057738000,0,-82134000,2129010000,130.262,-1975315000,-102869000,-0.010999999999999899,-4423151,-0.004,-0.061888151232136826
ABC,2018-06-30,-82020000,38309592000,26404401000,11905191000,14.173,-79543000,2388928000,2388928000,41930968000,277875000,0.94,11.309,4765354000,195592000,4569762000,4765354000,0,91321000,0,0.019,0.38,390287000,481608000,0.011,481608000,390287000,343136000,1.26,1.25,1.26,3097821000,3097821000,19464273743,18,14.236,743742000,3.403,1,1211341000,0.028,9713641000,47151000,2872706000,12074347000,0,0,0,35033660000,28099671000,6933989000,17087847743,297569000,-6177000,-227963000,-121565000,-83431000,-435266000,-90450000,0,823285000,0,275809000,275809000,275809000,0,2066000,0.006,822146000,389195000,26449542000,0.302,5.516,15.814,15.988,1903357000,0,78.98,0.104,0.105,11764614000,3569371000,43142309000,43142309000,0,9396000,626548000,1,216356644,218569000,220760000,197.385,28595951000,0,67327000,2247269000,130.833,-1695270000,-127561000,0.0,-3447425,-0.002999999999999999,0.1252215750822993
ABC,2018-03-31,-43506000,38395732000,26397211000,11998521000,14.542,-95175000,2091359000,2091359000,39778175000,282160000,0.94,10.99,4892915000,252894000,4640021000,4892915000,0,72711000,0,0.016,0.38,415264000,487975000,0.012,487975000,415264000,366627000,1.31,1.29,1.31,3187550000,3187550000,23063095080,27,20.586,-182743000,-0.834,1,1255683000,0.031,9759889000,48637000,3342995000,12867481000,0,0,0,35032136000,28094404000,6937732000,20261539080,-946388000,-706755000,47950000,-23469000,-83978000,-65721000,-793099000,0,-87568000,0,287455000,287455000,287455000,0,-5295000,0.007,774263000,481420000,26403594000,0.29,6.356,23.696,23.575,1940154000,0,92.18,0.127,0.127,11265014000,3376993000,41033858000,41033858000,0,11600000,617426000,1,219804069,219200000,222303000,187.198,28635843000,0,79172000,2175879000,130.638,-1697193000,255595000,-0.006000000000000005,134978,0.004,-0.14319809069212414
ABC,2017-12-31,-96338000,36361510000,25296432000,11065078000,13.167,-73641000,3037747000,3037747000,39353680000,861853000,0.946,11.649,4637320000,20061000,4617259000,4637320000,0,69476000,0,0.016,0.0,394883000,464359000,0.011,464359000,394883000,359019000,3.95,3.9,3.95,2874582000,2874582000,21708081590,21,16.364,-63315000,-0.29,1,1112652000,0.027,8901145000,35864000,2319647000,12020660000,0,0,0,33486928000,26740291000,6746637000,20108508590,602632000,-70330000,7078000,821845000,-83555000,734629000,-142323000,0,10326000,0,861853000,861853000,861853000,0,0,0.021,693679000,418973000,25346694000,0.0,6.995,20.538,20.388,1829117000,0,91.54,0.129,0.129,10127783000,3173516000,40466332000,40466332000,0,32608000,558522000,1,219669091,218323000,220822000,185.351,27460365000,0,-502834000,2050726000,125.779,-1443859000,843630000,0.039999999999999925,1587040,-0.002999999999999999,0.006991479134804463
ABC,2017-09-30,-95850000,35316470000,24303299000,11013171000,9.449,-94969000,2435115000,2435115000,37947995000,-344587000,0.906,16.107,3793690000,12121000,3781569000,3793690000,0,69555000,0,0.019,0.745,-136230000,-66675000,-0.002,-66675000,-136230000,-171541000,-1.58,-1.56,-1.58,2064461000,2064461000,18687374773,18,14.098,1285485000,5.883,1,1172020000,0.03,8877562000,35311000,979318000,11461428000,0,0,0,33252009000,26818165000,6433844000,17328799773,1123648000,12079000,-100001000,7699000,-80102000,-165331000,-91475000,1723000,1380454000,0,-344587000,-344587000,-344587000,0,0,-0.009,1307022000,-135002000,25404042000,-0.472,8.394,47.543,47.581,1797945000,0,79.46,0.113,0.113,10303324000,2395218000,39120015000,39120015000,0,10614000,560877000,1,218082051,218492000,221314000,179.046,26438908000,0,173046000,2492612000,121.006,-2514866000,7778000,-0.013000000000000012,-1029514,0.0019999999999999983,0.15202617669267574
ABC,2017-06-30,-112458000,34654010000,23677224000,10976786000,11.677,-108728000,1311467000,1311467000,37627269000,50352000,0.919,12.571,3785912000,4119000,3781793000,3785912000,0,65681000,0,0.018,0.365,168978000,234659000,0.006,234659000,168978000,133375000,0.23,0.23,0.23,2553514000,2553514000,20378050976,14,12.06,-353428000,-1.616,1,1079875000,0.028,8913978000,35603000,2463401000,11669529000,0,0,0,32100496000,25751076000,6349420000,17903605976,-1092966000,-59230000,-61383000,-662369000,-80075000,-711174000,-137092000,25580000,-244700000,0,50352000,50352000,50352000,0,0,0.001,909499000,170376000,24804544000,1.587,7.011,20.997,21.168,1749914000,0,81.71,0.118,0.118,10553258000,2819907000,38707144000,38707144000,0,10342000,525463000,1,219111565,218676000,221873000,177.007,25740032000,0,83023000,2400467000,117.709,-2073852000,-669533000,-0.0010000000000000009,755448,-0.006000000000000002,-0.02753640925223351
ABC,2017-03-31,-123490000,34397013000,23493921000,10903092000,11.621,-125418000,2404433000,2404433000,35890975000,411473000,0.92,12.599,4455445000,615847000,3839598000,4455445000,0,64004000,0,0.016,0.365,630214000,694218000,0.019,694218000,630214000,592915000,1.89,1.86,1.89,2529292000,2529292000,20945366804,12,10.262,673321000,3.094,1,1256427000,0.034,8876649000,37299000,2039950000,11335816000,0,0,0,31867721000,25531426000,6336295000,18894354804,613299000,-906000,61383000,-42754000,-79924000,-72823000,-112617000,7451000,798739000,0,411473000,411473000,411473000,0,0,0.011,626213000,630214000,24276019000,0.193,7.47,16.399,16.482,1702060000,0,86.53,0.126,0.126,9583520000,2849630000,37147402000,37147402000,0,12058000,521843000,1,218356117,217650000,221221000,170.675,25520364000,0,181442000,2332051000,117.254,-2037505000,-24119000,0.016000000000000014,1076431,0.007000000000000003,-0.05570322431526647
ABC,2016-12-31,-141851000,33919272000,23078756000,10840516000,9.68,-137282000,1791134000,1791134000,37131585000,247246000,0.904,15.026,4479564000,607980000,3871584000,4479564000,0,63180000,0,0.016,0.0,400110000,463290000,0.012,463290000,400110000,363138000,1.13,1.11,1.13,2116557000,2116557000,21652600994,10,9.204,-567637000,-2.596,1,1037680000,0.027,8914299000,36972000,2150645000,11414771000,0,0,0,31802715000,25542758000,6259957000,18964170994,-950698000,-1497000,-229928000,-52129000,-80169000,-363486000,-156857000,-19958000,-430355000,0,247246000,247246000,247246000,0,0,0.006,637570000,400110000,24172341000,0.0,8.96,14.102,13.92,1630741000,0,87.28,0.128,0.129,9696200000,2518081000,38169265000,38169265000,0,29192000,520547000,1,217279686,218661000,221979000,174.559,25004973000,0,115892000,2222866000,114.355,-2464002000,-1829000,0.0,-2820520,-0.002999999999999999,-0.008593033913840514
ABC,2016-09-30,-114308000,33656200000,22851847000,10804353000,9.718,-154438000,2741832000,2741832000,36436068000,143614000,0.904,14.805,4481393000,611149000,3870244000,4481393000,0,65414000,0,0.018,0.705,232103000,297517000,0.008,297517000,232103000,188298000,0.61,0.63,0.61,2129404000,2129404000,18997618153,12,10.774,1202101000,5.486,1,1124535000,0.03,8959346000,43805000,1155107000,10723920000,0,0,0,31526796000,25281308000,6245488000,17258057153,876630000,0,-1241783000,-208189000,-73407000,-331791000,-148118000,-947000,1356539000,0,143614000,143614000,143614000,0,0,0.004,894256000,230279000,23926320000,1.156,8.105,12.086,11.651,1530682000,0,78.41,0.118,0.113,9175876000,2303941000,37560603000,37560603000,0,8431000,520149000,1,220100206,219130000,226898000,171.408,24696854000,0,44684000,2214774000,112.704,-2429461000,74177000,0.010000000000000009,5365951,0.0,0.11312332610636405
ABC,2016-06-30,-110978000,31914243000,21457255000,10456988000,8.713,-130166000,1865202000,1865202000,35773817000,349803000,0.894,15.982,4407216000,613180000,3794036000,4407216000,0,57328000,0,0.015,0.34,528772000,586100000,0.016,586100000,528772000,496657000,1.62,1.56,1.62,1879317000,1879317000,21745698425,12,10.763,61206000,0.284,1,1107863000,0.03,8986106000,32115000,1472896000,10492561000,0,0,0,30034926000,23997255000,6037671000,19203684425,-660085000,0,-550274000,-81434000,-73241000,-704949000,-146508000,-6034000,191372000,0,349803000,349803000,349803000,0,0,0.009,581249000,526614000,22692064000,0.21,10.218,11.648,11.495,1165663000,0,89.43,0.133,0.133,8984533000,2250868000,36881680000,36881680000,0,16774000,520032000,1,214734255,215688000,224802000,170.996,22928137000,0,146854000,2121331000,106.302,-2540000000,-80923000,-0.03400000000000003,-1120490,0.0,-0.1232248686123226
ABC,2016-03-31,-102184000,32495355000,22070068000,10425287000,10.542,-89902000,2525287000,2525287000,34623026000,604135000,0.928,13.83,4488139000,119553000,4368586000,4488139000,0,56128000,0,0.016,0.34,949468000,1005596000,0.028,1005596000,949468000,916355000,2.91,2.68,2.91,2191162000,2191162000,18799522110,12,10.348,789836000,3.8,1,1075331000,0.03,9028488000,33113000,1658809000,10644586000,0,0,0,30304193000,23770910000,6533283000,16836670110,1547197000,-4724000,-314924000,-13812000,-70630000,769525000,-102066000,0,879738000,0,604135000,604135000,604135000,0,0,0.017,126619000,948712000,22986172000,0.117,7.684,11.128,10.924,1094711000,0,78.0,0.118,0.114,8766994000,1974306000,35698357000,35698357000,0,17532000,522760000,1,215854745,207858000,225450000,171.744,23466867000,0,312220000,2041191000,112.899,-1700842000,-13590000,0.08000000000000007,10392280,0.004,0.14653846153846162
ABC,2015-12-31,-115814000,30755802000,20361675000,10394127000,6.305,-90110000,978090000,978090000,35744169000,330377000,0.848,22.658,4501729000,108412000,4393317000,4501729000,0,53668000,0,0.014,0.0,-179521000,-125853000,-0.003,-125853000,-179521000,-210400000,1.6,1.46,1.6,1300019000,1300019000,20864671046,74,43.43,660738000,3.205,1,964877000,0.026,9052837000,30879000,1202263000,10863974000,0,0,0,29455783000,24024341000,5431442000,17341032046,-1189352000,-2726632000,-84595000,988081000,-71199000,832287000,-2772487000,47693000,750848000,0,330377000,330377000,330377000,0,0,0.009,1144708000,-179831000,22536323000,0.0,13.339,43.853,44.421,1059501000,0,84.4,0.125,0.125,8380652000,1440801000,36709046000,36709046000,0,22255000,528296000,1,205462465,206180000,226718000,178.044,21702965000,0,-540777000,1719352000,105.262,-3662666000,1008681000,-0.04800000000000004,-170478,-0.0010000000000000009,-0.07582938388625599
ABC,2015-09-30,-136333000,27736157000,20334488000,7401669000,2.987,-74496000,2167442000,2167442000,34496804000,364287000,0.896,42.781,3493048000,0,3493048000,3493048000,0,50065000,0,0.012,0.63,504416000,554481000,0.016,554481000,504416000,475496000,1.65,1.65,1.65,633520000,633520000,21580450886,58,38.462,1085618000,5.119,1,973574000,0.027,6123944000,28920000,237054000,9755094000,0,0,0,27102637000,22700765000,4401872000,20254844886,-387741000,-26909000,-1042962000,-256502000,-61865000,-1361329000,-186526000,-86214000,1160114000,0,364287000,364287000,364287000,0,0,0.01,436123000,537451000,20886439000,0.382,31.972,-150.162,-158.871,979251000,0,98.5,0.149,0.158,8222951000,1181623000,35470378000,35470378000,0,14448000,556367000,1,205632943,212077000,212077000,167.252,21612213000,0,111209000,1954205000,101.907,-2366277000,-257103000,-0.04599999999999993,-10569173,0.0010000000000000009,-0.14314720812182735
ABC,2015-06-30,-69006000,27333504000,19902034000,7431470000,7.183,-51888000,2555183000,2555183000,33342092000,214163000,0.942,16.348,3750151000,7370000,3742781000,3750151000,0,48434000,0,0.011,0.29,334099000,382533000,0.011,382533000,334099000,304306000,0.98,0.89,0.98,1575624000,1575624000,23842139651,319,92.908,1069693000,4.876,1,891464000,0.026,6115499000,29793000,1295682000,9639961000,0,0,0,25757880000,21117291000,4640589000,22647171651,218204000,-3920000,-447568000,-256688000,-63935000,-848191000,-55186000,0,1121581000,0,214163000,214163000,214163000,0,0,0.006,558899000,332565000,19348994000,0.296,14.373,-52.5,-53.718,958687000,0,104.75,0.171,0.174,7596558000,879201000,34233556000,34233556000,0,13088000,502744000,1,216202116,219359000,240236000,156.062,21218005000,0,90143000,1127877000,96.727,-1215257000,-256571000,-0.025000000000000022,-3483432,-0.0020000000000000018,-0.059665871121718374
ABC,2015-03-31,-75585000,27005530000,19556823000,7448707000,8.701,-52644000,2336979000,2336979000,31757291000,-513390000,0.967,13.093,4006722000,64205000,3942517000,4006722000,0,44918000,0,0.009,0.29,-375654000,-330736000,-0.01,-330736000,-375654000,-398600000,-2.33,-2.33,-2.33,1916255000,1916255000,26999486684,-150,-5326.393,689076000,3.129,1,911976000,0.028,6122137000,22946000,2327230000,9517312000,0,0,0,25089275000,20225906000,4863369000,25329743684,38223000,-2560816000,85464000,1987430000,-64094000,1908800000,-2612297000,0,741720000,0,-513390000,-513390000,-513390000,0,0,-0.016,1276225000,-364249000,18395154000,-0.124,13.218,-38.477,-38.562,955558000,0,115.3,0.198,0.198,7560122000,728973000,32669267000,32669267000,0,13841000,442443000,1,219685548,220243000,220243000,148.333,20883393000,0,114790000,1116910000,94.82,-669083000,2010837000,-0.0010000000000000009,80551,0.006000000000000002,-0.09150043365134429
ABC,2014-12-31,-60727000,24904916000,20144710000,4760206000,8.058,-52557000,2298756000,2298756000,32836303000,-199947000,0.968,13.084,1995885000,0,1995885000,1995885000,0,44518000,0,0.01,0.0,-89711000,-45193000,-0.001,-45193000,-89711000,-107053000,-0.91,-0.91,-0.91,1768346000,1768346000,21007597909,42,31.397,844407000,3.848,1,752299000,0.022,3501051000,17342000,295961000,10628342000,0,0,0,23136570000,20805033000,2331537000,21310468909,490243000,-24604000,-260049000,-5491000,-64025000,-329565000,-77156000,0,896964000,0,-199947000,-199947000,-199947000,0,0,-0.006,840696000,-88397000,19031658000,0.0,12.051,606.238,808.667,907004000,0,97.04,0.172,0.172,7144031000,1306457000,33588602000,33588602000,0,19567000,416491000,1,219604997,219456000,219456000,153.054,21403865000,0,92894000,1099865000,97.531,-660323000,253000,-0.006000000000000005,913128,-0.006000000000000002,0.18816982687551514
ABT,2019-12-31,-8465000000,67887000000,15667000000,52220000000,17.704,-434000000,4140000000,4140000000,3434000000,1049000000,1.442,1.169,18139000000,1478000000,16661000000,18139000000,0,756000000,0,0.015,0.36,1404000000,2160000000,0.26,2160000000,1404000000,1240000000,0.59,0.59,0.59,31301000000,31301000000,168211237100,35,21.674,1982000000,1.121,1,4880000000,0.587,40220000000,164000000,30803000000,4316000000,883000000,0,883000000,36586000000,10863000000,25723000000,154212237100,-231000000,1000000,-489000000,-1128000000,-568000000,-2185000000,-489000000,-60000000,2416000000,27000000,1049000000,1049000000,1049000000,0,0,0.126,3491000000,1389000000,3252000000,0.61,4.927,41.826,42.246,8038000000,0,87.45,4.834,4.846,5425000000,25847000000,8314000000,8314000000,595000000,85000000,2413000000,1,1763433243,1768045000,1781591000,4.702,27667000000,3079000000,191000000,226000000,15.648,4804000000,-958000000,-0.09400000000000008,-5022462,0.0030000000000000027,0.05523156089193823
ABT,2019-09-30,-7763000000,68539000000,16119000000,52420000000,18.074,-401000000,4091000000,4091000000,3358000000,960000000,1.536,1.141,19097000000,1458000000,17639000000,19097000000,0,754000000,0,0.015,0.32,1270000000,2024000000,0.251,2024000000,1270000000,1103000000,0.54,0.53,0.54,32019000000,32019000000,162866581495,36,21.727,1547000000,0.873,1,4718000000,0.584,40511000000,167000000,32543000000,4392000000,1118000000,244000000,874000000,36520000000,10491000000,26029000000,147860581495,954000000,-11000000,46000000,10000000,-569000000,-513000000,-432000000,-24000000,1948000000,-49000000,960000000,960000000,960000000,0,0,0.119,3520000000,1198000000,3029000000,0.593,4.618,44.915,44.952,7825000000,0,83.61,4.716,4.724,5450000000,25440000000,8076000000,8076000000,596000000,94000000,2440000000,1,1768455705,1771521000,1784167000,4.559,28028000000,3210000000,143000000,67000000,15.821,5628000000,-97000000,-0.14100000000000001,1058090,-0.0050000000000000044,0.04592752063150345
ABT,2019-06-30,-7365000000,68427000000,15195000000,53232000000,18.03,-468000000,3137000000,3137000000,3279000000,1006000000,1.677,1.145,19194000000,212000000,18982000000,19194000000,0,751000000,0,0.014,0.32,1270000000,2021000000,0.253,2021000000,1270000000,1102000000,0.57,0.56,0.57,31894000000,31894000000,169997332266,41,23.555,592000000,0.335,1,4700000000,0.589,41420000000,168000000,34002000000,4352000000,1090000000,239000000,851000000,36533000000,9062000000,27471000000,153940332266,115000000,-34000000,113000000,6000000,-568000000,-449000000,-498000000,0,1060000000,2000000,1006000000,1006000000,1006000000,0,0,0.126,3494000000,1206000000,3222000000,0.561,4.827,53.175,53.11,7825000000,0,87.1,4.976,4.98,5548000000,25045000000,7979000000,7979000000,577000000,114000000,2434000000,1,1767397615,1768904000,1781417000,4.511,27007000000,3136000000,96000000,83000000,15.268,6133000000,140000000,0.09600000000000009,3216353,0.008000000000000007,-0.040068886337543
ABT,2019-03-31,-7470000000,67610000000,14409000000,53201000000,17.654,-335000000,3022000000,3022000000,3160000000,672000000,1.581,1.172,19054000000,209000000,18845000000,19054000000,0,753000000,0,0.015,0.32,803000000,1556000000,0.207,1556000000,803000000,632000000,0.38,0.38,0.38,31129000000,31129000000,154943632570,40,21.984,377000000,0.214,1,4375000000,0.581,41681000000,171000000,32848000000,4085000000,1106000000,239000000,867000000,36481000000,9113000000,27368000000,138911632570,-822000000,-78000000,-90000000,-487000000,-565000000,-1142000000,-396000000,2000000,712000000,4000000,672000000,672000000,672000000,0,0,0.089,3636000000,739000000,3045000000,0.842,4.462,52.979,52.846,7626000000,0,78.74,4.521,4.519,5345000000,24613000000,7535000000,7535000000,672000000,226000000,2478000000,1,1764181262,1763278000,1776573000,4.273,25929000000,3027000000,-40000000,277000000,14.705,5296000000,-512000000,-0.04300000000000015,7710993,-0.008000000000000007,0.10617221234442469
ABT,2018-12-31,-7586000000,67173000000,14632000000,52541000000,17.446,-467000000,4086000000,4086000000,3191000000,654000000,1.624,1.186,19566000000,207000000,19359000000,19566000000,0,763000000,0,0.015,0.32,1132000000,1895000000,0.244,1895000000,1132000000,946000000,0.37,0.37,0.37,30722000000,30722000000,149200081579,40,21.281,1298000000,0.737,1,4574000000,0.589,42196000000,186000000,31445000000,3796000000,897000000,0,897000000,36451000000,9012000000,27439000000,133720081579,-3525000000,0,-77000000,-4204000000,-495000000,-4776000000,-496000000,-35000000,1765000000,-18000000,654000000,654000000,654000000,1000000,0,0.084,3409000000,1165000000,2975000000,0.865,4.353,56.47,56.813,7563000000,0,76.13,4.373,4.377,5182000000,24560000000,7765000000,7765000000,562000000,81000000,2359000000,1,1756470269,1760946000,1773870000,4.41,24977000000,1868000000,292000000,305000000,14.184,5620000000,-3992000000,0.20000000000000018,137237,0.0030000000000000027,0.034283462498358064
ABT,2018-09-30,-7009000000,71637000000,18196000000,53441000000,17.56,-354000000,7369000000,7369000000,3166000000,563000000,1.424,1.318,23558000000,4274000000,19284000000,23558000000,0,813000000,0,0.016,0.28,932000000,1745000000,0.228,1745000000,932000000,729000000,0.32,0.32,0.32,30898000000,30898000000,137270599226,40,20.142,1829000000,1.039,1,4490000000,0.586,42893000000,203000000,32157000000,3781000000,1152000000,181000000,971000000,40739000000,12776000000,27963000000,121081599226,4304000000,0,71000000,2894000000,-494000000,2471000000,-323000000,19000000,2183000000,-27000000,563000000,563000000,563000000,-11000000,0,0.074,3495000000,995000000,2730000000,0.875,3.919,136.661,137.88,7448000000,0,68.94,3.983,3.99,5271000000,24144000000,7656000000,7656000000,574000000,83000000,2377000000,1,1756333032,1759585000,1771680000,4.351,28744000000,2110000000,166000000,231000000,16.336,5420000000,2888000000,-0.15400000000000014,2013748,0.009000000000000008,0.10429358862779226
ABT,2018-06-30,-6913000000,68415000000,14122000000,54293000000,17.507,-298000000,3065000000,3065000000,3282000000,733000000,1.578,1.223,20670000000,847000000,19823000000,20670000000,0,850000000,0,0.017,0.28,1002000000,1852000000,0.238,1852000000,1002000000,792000000,0.42,0.41,0.42,30774000000,30774000000,131249803218,38,19.554,946000000,0.538,1,4485000000,0.577,43795000000,210000000,33274000000,3714000000,1139000000,199000000,940000000,37641000000,8951000000,28690000000,113644803218,-792000000,48000000,30000000,-1167000000,-494000000,-1631000000,-299000000,-37000000,1244000000,-106000000,733000000,733000000,733000000,-15000000,0,0.094,3603000000,882000000,2503000000,0.667,3.693,122.727,124.577,7432000000,0,64.78,3.843,3.85,5192000000,24080000000,7767000000,7767000000,575000000,101000000,2466000000,1,1754319284,1757836000,1768950000,4.419,24620000000,2005000000,59000000,188000000,14.006,5171000000,-1221000000,-0.08299999999999996,1131518,-0.008000000000000007,0.06421735103426979
ABT,2018-03-31,-5733000000,70908000000,14964000000,55944000000,18.023,-275000000,3857000000,3857000000,3067000000,418000000,1.661,1.244,21891000000,737000000,21154000000,21891000000,0,852000000,0,0.019,0.28,667000000,1519000000,0.206,1519000000,667000000,440000000,0.24,0.23,0.24,31601000000,31601000000,119455912263,41,19.81,833000000,0.475,1,4323000000,0.585,45170000000,227000000,34762000000,3826000000,1098000000,185000000,913000000,39307000000,9010000000,30297000000,101421912263,-5550000000,0,9000000,-5973000000,-491000000,-6455000000,-238000000,-5000000,1108000000,35000000,418000000,418000000,418000000,-9000000,0,0.057,3715000000,608000000,2476000000,1.167,3.209,213.071,222.5,7659000000,0,57.85,3.566,3.566,5356000000,23856000000,7390000000,7390000000,589000000,212000000,2542000000,1,1753187766,1753412000,1765278000,4.215,25738000000,2082000000,22000000,212000000,14.679,5954000000,-6033000000,-0.6000000000000001,6853874,0.015000000000000013,0.11979256698357821
ABT,2017-12-31,-6062000000,76250000000,20147000000,56103000000,17.79,-345000000,9610000000,9610000000,3263000000,-828000000,2.261,1.452,27924000000,714000000,27210000000,27924000000,0,843000000,0,0.018,0.28,856000000,1699000000,0.224,1699000000,856000000,610000000,-0.48,-0.47,-0.48,31098000000,31098000000,123390910282,38,19.648,1295000000,0.741,1,4326000000,0.57,45493000000,246000000,40159000000,3601000000,883000000,0,883000000,45152000000,8912000000,36240000000,105076910282,-1605000000,-2829000000,64000000,998000000,-464000000,-112000000,-3152000000,17000000,1640000000,19000000,-828000000,-828000000,-828000000,-36000000,0,-0.109,3635000000,691000000,2402000000,-0.583,3.379,220.287,222.852,7607000000,0,60.17,3.836,3.822,5249000000,23978000000,7589000000,7589000000,613000000,68000000,2462000000,1,1746333892,1748070000,1757472000,4.341,30757000000,1944000000,1438000000,309000000,17.595,11235000000,3899000000,-0.43299999999999983,5733205,-0.01200000000000001,-0.03855742064151571
ABT,2017-09-30,-6116000000,72248000000,21377000000,50871000000,18.476,-263000000,11012000000,11012000000,2857000000,603000000,2.694,1.242,24025000000,715000000,23310000000,24025000000,0,756000000,0,0.019,0.265,886000000,1642000000,0.24,1642000000,886000000,668000000,0.34,0.34,0.34,32218000000,32218000000,107649459352,31,18.059,1742000000,0.999,1,3972000000,0.582,40644000000,218000000,36682000000,3483000000,1573000000,187000000,1386000000,40030000000,7935000000,32095000000,94636459352,1337000000,24000000,81000000,-4000000,-463000000,-386000000,-306000000,-70000000,2005000000,24000000,603000000,603000000,603000000,-42000000,0,0.088,3162000000,810000000,1858000000,0.779,2.937,45.001,42.811,7219000000,0,54.37,3.765,3.772,4800000000,25320000000,6829000000,6829000000,562000000,75000000,2099000000,1,1740600687,1743757000,1754156000,3.916,31604000000,1565000000,65000000,180000000,18.124,13442000000,-6000000,-0.24299999999999988,3157423,0.05999999999999994,0.10667647599779298
ABT,2017-06-30,-6250000000,71151000000,19983000000,51168000000,18.263,-255000000,9675000000,9675000000,3173000000,283000000,2.937,1.238,24031000000,221000000,23810000000,24031000000,0,648000000,0,0.021,0.265,522000000,1170000000,0.176,1170000000,522000000,308000000,0.16,0.16,0.16,31788000000,31788000000,99890331887,39,21.598,1096000000,0.63,1,3464000000,0.522,40785000000,214000000,37919000000,3603000000,1705000000,160000000,1545000000,39363000000,6803000000,32560000000,85534331887,969000000,238000000,54000000,24000000,-462000000,-384000000,-6000000,-13000000,1351000000,8000000,283000000,283000000,283000000,-13000000,0,0.043,3037000000,427000000,1667000000,1.656,2.691,73.044,69.338,7286000000,0,49.23,3.623,3.63,4633000000,25202000000,6637000000,6637000000,513000000,92000000,2132000000,1,1737443264,1740524000,1748883000,3.813,30366000000,1552000000,25000000,192000000,17.446,13180000000,57000000,0.028999999999999915,2171210,0.0030000000000000027,0.10440788137314648
ABT,2017-03-31,-6532000000,70887000000,19329000000,51558000000,18.263,-272000000,8706000000,8706000000,3044000000,419000000,2.908,1.247,23974000000,210000000,23764000000,23974000000,0,774000000,0,0.024,0.265,995000000,1769000000,0.279,1769000000,995000000,769000000,0.24,0.24,0.24,31547000000,31547000000,91134094201,32,19.658,302000000,0.175,1,3291000000,0.519,40758000000,226000000,38751000000,3995000000,1910000000,154000000,1756000000,39340000000,6646000000,32694000000,75866094201,-9914000000,-5870000000,34000000,-3960000000,-460000000,-4399000000,-6154000000,-15000000,574000000,65000000,419000000,419000000,419000000,-33000000,0,0.066,3493000000,-202000000,1481000000,1.104,2.405,50.476,45.542,7265000000,0,43.72,3.402,3.386,4510000000,25387000000,6335000000,6335000000,547000000,171000000,2424000000,1,1735272054,1727356000,1735195000,3.667,30129000000,1779000000,350000000,186000000,17.442,12683000000,1968000000,-1.1119999999999997,7274458,-0.04699999999999993,0.1260292772186642
ABT,2016-12-31,-7263000000,52666000000,26776000000,25890000000,14.008,-319000000,18775000000,18775000000,2312000000,798000000,4.02,1.542,22006000000,1325000000,20681000000,22006000000,0,319000000,0,0.023,0.265,1061000000,1380000000,0.259,1380000000,1061000000,908000000,0.53,0.54,0.53,20717000000,20717000000,80455212565,37,22.766,851000000,0.575,1,3021000000,0.566,12222000000,153000000,37015000000,2434000000,2947000000,0,2947000000,31949000000,6660000000,25289000000,77224212565,16120000000,-7000000,42000000,14018000000,-386000000,13504000000,1550000000,1868000000,1170000000,-104000000,798000000,798000000,798000000,-33000000,0,0.15,2073000000,948000000,1178000000,0.5,3.728,55.16,47.543,5705000000,0,44.69,3.703,3.165,3248000000,25565000000,5333000000,5333000000,343000000,47000000,1609000000,1,1727997596,1478947000,1483960000,3.606,40444000000,2263000000,110000000,188000000,27.346,20116000000,13496000000,2.4599999999999995,255688073,-0.0030000000000000027,-0.021705079436115438
ABT,2016-09-30,-6533000000,39497000000,12978000000,26519000000,14.154,-312000000,2500000000,2500000000,2285000000,-329000000,1.56,0.89,8510000000,2535000000,5975000000,8510000000,0,340000000,0,0.027,0.26,-34000000,306000000,0.058,306000000,-34000000,-151000000,-0.22,-0.22,-0.22,20896000000,20896000000,62517239493,30,18.053,905000000,0.613,1,3017000000,0.569,12486000000,117000000,24700000000,2613000000,5004000000,2007000000,2997000000,18601000000,8321000000,10280000000,56507239493,-78000000,-66000000,74000000,-436000000,-384000000,-746000000,-554000000,-182000000,1217000000,5000000,-329000000,-329000000,-329000000,-28000000,0,-0.062,2120000000,897000000,1051000000,-1.182,2.704,41.276,42.176,5734000000,0,38.38,2.729,2.736,3320000000,25162000000,5302000000,5302000000,352000000,49000000,1628000000,1,1472309523,1476366000,1476366000,3.591,27011000000,2523000000,178000000,240000000,18.296,4657000000,-402000000,0.062000000000000055,2314108,-0.0020000000000000018,0.16440854611776953
ABT,2016-06-30,-7223000000,39831000000,12988000000,26843000000,14.103,-247000000,2578000000,2578000000,2287000000,615000000,1.498,0.915,8912000000,2896000000,6016000000,8912000000,0,347000000,0,0.023,0.26,834000000,1181000000,0.221,1181000000,834000000,731000000,0.41,0.41,0.41,20795000000,20795000000,72410293904,26,16.922,662000000,0.449,1,3046000000,0.571,15063000000,103000000,22429000000,2813000000,5199000000,1860000000,3339000000,19036000000,8673000000,10363000000,66076293904,-756000000,-7000000,42000000,163000000,-384000000,-179000000,-1470000000,-1246000000,909000000,-16000000,615000000,615000000,615000000,-16000000,0,0.115,2230000000,816000000,1153000000,0.634,3.178,29.006,29.572,5826000000,0,44.95,3.214,3.224,3567000000,25884000000,5333000000,5333000000,348000000,62000000,1737000000,1,1469995415,1474504000,1480492000,3.617,24768000000,2613000000,116000000,232000000,16.798,4315000000,322000000,0.020000000000000018,843382,0.008999999999999897,-0.14616240266963293
ABT,2016-03-31,-6851000000,39637000000,12406000000,27231000000,14.108,-243000000,3334000000,3334000000,2140000000,316000000,1.478,0.902,8590000000,2613000000,5977000000,8590000000,0,347000000,0,0.026,0.26,320000000,667000000,0.137,667000000,320000000,262000000,0.21,0.21,0.21,20842000000,20842000000,61230692457,20,13.674,-336000000,-0.227,1,2745000000,0.562,15233000000,58000000,21267000000,2786000000,4175000000,623000000,3552000000,18795000000,8393000000,10402000000,55974692457,-1667000000,25000000,-432000000,-590000000,-385000000,-1432000000,226000000,446000000,-93000000,-368000000,316000000,316000000,316000000,-260000000,0,0.065,2221000000,524000000,1053000000,1.238,2.686,22.875,23.374,5836000000,0,38.1,2.745,2.76,3430000000,25654000000,4885000000,4885000000,379000000,152000000,1698000000,1,1469152033,1477332000,1483673000,3.307,24404000000,2608000000,-54000000,261000000,16.519,4013000000,-411000000,-0.06299999999999994,-4089828,-0.0129999999999999,0.1797900262467192
ABT,2015-12-31,-6658000000,41247000000,14155000000,27092000000,14.339,-248000000,6125000000,6125000000,2206000000,767000000,1.541,0.934,9001000000,3130000000,5871000000,9001000000,0,366000000,0,0.025,0.26,943000000,1309000000,0.252,1309000000,943000000,902000000,0.51,0.51,0.51,21326000000,21326000000,59640008904,12,8.989,580000000,0.39,1,2982000000,0.575,15200000000,41000000,19737000000,2599000000,4041000000,0,4041000000,19921000000,9186000000,10735000000,56764008904,1869000000,0,-837000000,717000000,-360000000,-497000000,1566000000,1805000000,828000000,-28000000,767000000,767000000,767000000,-72000000,0,0.148,2167000000,815000000,1081000000,0.51,2.662,12.834,13.105,5730000000,0,38.53,2.782,2.825,3418000000,25757000000,5188000000,5188000000,369000000,43000000,1655000000,1,1473241861,1487258000,1496568000,3.488,26047000000,2119000000,135000000,430000000,17.513,4969000000,646000000,-0.274,-18478030,0.010000000000000009,-0.0111601349597716
ABT,2015-09-30,-7211000000,41725000000,15894000000,25831000000,14.189,-411000000,3132000000,3132000000,2242000000,580000000,1.815,0.966,8355000000,2402000000,5953000000,8355000000,0,383000000,0,0.021,0.24,739000000,1122000000,0.218,1122000000,739000000,698000000,0.39,0.38,0.39,21219000000,21219000000,72618904675,14,10.62,784000000,0.524,1,2908000000,0.565,15594000000,41000000,22599000000,2633000000,6062000000,3007000000,3055000000,20506000000,8755000000,11751000000,67395904675,-916000000,-231000000,48000000,-504000000,-359000000,-815000000,-1197000000,-570000000,1195000000,-99000000,580000000,580000000,580000000,16000000,0,0.113,2195000000,713000000,1007000000,0.615,3.176,14.78,14.911,5797000000,0,45.18,3.286,3.295,3460000000,25375000000,5150000000,5150000000,378000000,44000000,1666000000,1,1491719891,1495465000,1505167000,3.444,26131000000,1383000000,118000000,483000000,17.473,7139000000,-406000000,-0.4860000000000002,1278426,-0.006000000000000005,-0.1471890216910137
ABT,2015-06-30,-5004000000,44125000000,21131000000,22994000000,15.482,-216000000,4048000000,4048000000,2218000000,784000000,2.301,0.908,8761000000,2899000000,5862000000,8761000000,0,352000000,0,0.019,0.24,1028000000,1380000000,0.267,1380000000,1028000000,984000000,0.52,0.52,0.52,23126000000,23126000000,79995198397,15,11.557,725000000,0.485,1,2952000000,0.571,15681000000,44000000,23972000000,2735000000,7372000000,7129000000,243000000,20999000000,9185000000,11814000000,75282198397,822000000,2286000000,56000000,-70000000,-360000000,-374000000,242000000,-1843000000,941000000,13000000,784000000,784000000,784000000,2000000,0,0.152,2223000000,729000000,1000000000,0.462,3.255,16.663,16.837,5738000000,0,50.51,3.679,3.688,3553000000,25162000000,5170000000,5170000000,345000000,57000000,1727000000,1,1490441465,1493771000,1504215000,3.461,28444000000,1330000000,200000000,589000000,19.042,11946000000,-142000000,0.13000000000000034,1684147,-0.0040000000000000036,-0.1055236586814492
ABT,2015-03-31,-5607000000,43095000000,19985000000,23110000000,14.61,-235000000,3226000000,3226000000,2081000000,2292000000,2.171,0.96,8903000000,2972000000,5931000000,8903000000,0,371000000,0,0.02,0.24,2453000000,2824000000,0.577,2824000000,2453000000,2416000000,1.52,1.51,1.52,21988000000,21988000000,74963765580,14,11.149,-233000000,-0.155,1,2816000000,0.575,15834000000,37000000,23732000000,2623000000,6867000000,6623000000,244000000,21107000000,9206000000,11901000000,69286765580,-837000000,230000000,-1190000000,1004000000,-364000000,-550000000,-205000000,-213000000,2000000,-84000000,2292000000,2292000000,2292000000,-1763000000,0,0.468,2206000000,610000000,1012000000,0.158,3.151,16.497,16.741,5699000000,0,46.54,3.324,3.361,3481000000,24740000000,4897000000,4897000000,313000000,148000000,1737000000,1,1488757318,1504995000,1515537000,3.254,27261000000,1330000000,124000000,534000000,18.114,10779000000,1058000000,0.7219999999999998,-20220510,0.010000000000000009,0.08530296519123333
